solid AssimpScene
 facet normal 0 0 1
  outer loop
  vertex -0.0800030008 -2.22044608e-17 0.100000001
  vertex -0.0800030008 0.00107049651 0.100000001
  vertex -0.100000001 6.25329121e-05 0.100000001
  endloop
 endfacet

 facet normal 0 0 1
  outer loop
  vertex -0.0800030008 -2.22044608e-17 0.100000001
  vertex -0.100000001 6.25329121e-05 0.100000001
  vertex -0.100000001 -2.22044608e-17 0.100000001
  endloop
 endfacet

 facet normal 0.588539124 0.446457475 -0.674015999
  outer loop
  vertex -0.070472002 0.0278537553 -0.0680780038
  vertex -0.0712309405 0.0299999993 -0.0673190579
  vertex -0.0703112036 0.0278845411 -0.0679172054
  endloop
 endfacet

 facet normal 0 -1 0
  outer loop
  vertex -0.0799999982 0.0270000007 -0.0590000004
  vertex -0.0549999997 0.0270000007 -0.0590000004
  vertex -0.0799999982 0.0270000007 0.0670000017
  endloop
 endfacet

 facet normal 0 -1 0
  outer loop
  vertex -0.0549999997 0.0270000007 0.0670000017
  vertex -0.0799999982 0.0270000007 0.0670000017
  vertex -0.0549999997 0.0270000007 -0.0590000004
  endloop
 endfacet

 facet normal 0.497471392 0.446414918 0.743798375
  outer loop
  vertex -0.0702002496 0.0299999993 0.0747743025
  vertex -0.0705050901 0.0299999993 0.0749781877
  vertex -0.069639571 0.0277569015 0.0757455751
  endloop
 endfacet

 facet normal 0.588533282 0.446456522 -0.674021661
  outer loop
  vertex -0.0709550828 0.0299999993 -0.0670781881
  vertex -0.0703112036 0.0278845411 -0.0679172054
  vertex -0.0712309405 0.0299999993 -0.0673190579
  endloop
 endfacet

 facet normal 0.707106769 6.08848194e-10 -0.707106769
  outer loop
  vertex -0.0707679987 0.0149999997 -0.0683740005
  vertex -0.070472002 0.0278537553 -0.0680780038
  vertex -0.0701259971 0.0149999997 -0.0677319989
  endloop
 endfacet

 facet normal -0.0561536923 0.446448296 -0.893045783
  outer loop
  vertex 0.101565801 0.0299999993 -0.0660224855
  vertex 0.10143096 0.0279349796 -0.0670463443
  vertex 0.10125 0.0280089285 -0.0669979975
  endloop
 endfacet

 facet normal -0.0561326891 0.446446151 -0.893048167
  outer loop
  vertex 0.101565801 0.0299999993 -0.0660224855
  vertex 0.10125 0.0280089285 -0.0669979975
  vertex 0.101199999 0.0299999993 -0.065999493
  endloop
 endfacet

 facet normal -0.0562035106 0.446442932 -0.893045306
  outer loop
  vertex 0.101199999 0.0279759262 -0.0670113489
  vertex 0.101199999 0.0299999993 -0.065999493
  vertex 0.10125 0.0280089285 -0.0669979975
  endloop
 endfacet

 facet normal 0.497464627 0.446414113 0.743803442
  outer loop
  vertex -0.0697960705 0.0276705548 0.0759020671
  vertex -0.069639571 0.0277569015 0.0757455751
  vertex -0.0705050901 0.0299999993 0.0749781877
  endloop
 endfacet

 facet normal 0 -1 0
  outer loop
  vertex 0.0869999975 0.0270000007 -0.0590000004
  vertex 0.112000003 0.0270000007 -0.0590000004
  vertex 0.0869999975 0.0270000007 0.0670000017
  endloop
 endfacet

 facet normal 0 -1 0
  outer loop
  vertex 0.112000003 0.0270000007 0.0670000017
  vertex 0.0869999975 0.0270000007 0.0670000017
  vertex 0.112000003 0.0270000007 -0.0590000004
  endloop
 endfacet

 facet normal -0.0561145991 0.446445405 0.893049657
  outer loop
  vertex 0.101565801 0.0299999993 0.0738224834
  vertex 0.101199999 0.0299999993 0.0737994984
  vertex 0.10125 0.0276088566 0.0749979988
  endloop
 endfacet

 facet normal -0.0561330728 0.446446866 0.89304775
  outer loop
  vertex 0.101405516 0.0275453068 0.0750395432
  vertex 0.101565801 0.0299999993 0.0738224834
  vertex 0.10125 0.0276088566 0.0749979988
  endloop
 endfacet

 facet normal -0.0561861396 0.446442366 0.893046618
  outer loop
  vertex 0.101199999 0.0275758561 0.0750113502
  vertex 0.10125 0.0276088566 0.0749979988
  vertex 0.101199999 0.0299999993 0.0737994984
  endloop
 endfacet

 facet normal 0 -1 0
  outer loop
  vertex 0.0869999975 0.0149999997 0.0930000022
  vertex 0.0869999975 0.0149999997 0.0996316671
  vertex 0.0160000008 0.0149999997 0.0993929952
  endloop
 endfacet

 facet normal 0 -1 0
  outer loop
  vertex -0.0790000036 0.0149999997 0.0990732461
  vertex -0.0549999997 0.0149999997 0.0930000022
  vertex 0.0160000008 0.0149999997 0.0993929952
  endloop
 endfacet

 facet normal 0 -1 0
  outer loop
  vertex 0.0869999975 0.0149999997 0.0930000022
  vertex 0.0160000008 0.0149999997 0.0993929952
  vertex -0.0549999997 0.0149999997 0.0930000022
  endloop
 endfacet

 facet normal 0.497472495 0.44641459 -0.743797719
  outer loop
  vertex -0.0703112036 0.0278845411 -0.0679172054
  vertex -0.0709550828 0.0299999993 -0.0670781881
  vertex -0.0701444671 0.0279765315 -0.0677504763
  endloop
 endfacet

 facet normal -0.258089006 0 0.966121256
  outer loop
  vertex 0.10125 0.0276088566 0.0749979988
  vertex 0.10125 0.0149999997 0.0749979988
  vertex 0.101405516 0.0275453068 0.0750395432
  endloop
 endfacet

 facet normal 0.497491658 0.446417451 -0.743783295
  outer loop
  vertex -0.0706502497 0.0299999993 -0.0668742955
  vertex -0.0701444671 0.0279765315 -0.0677504763
  vertex -0.0709550828 0.0299999993 -0.0670781881
  endloop
 endfacet

 facet normal 0 -1 0
  outer loop
  vertex -0.0549999997 0.0270000007 -0.0590000004
  vertex 0.00249999994 0.0270000007 5.99520449e-18
  vertex 0.00249999994 0.0270000007 0.00698299985
  endloop
 endfacet

 facet normal 0 -1 0
  outer loop
  vertex 0.00249999994 0.0270000007 0.0149999997
  vertex -0.0549999997 0.0270000007 0.0670000017
  vertex 0.00249999994 0.0270000007 0.00698299985
  endloop
 endfacet

 facet normal 0 -1 0
  outer loop
  vertex 0.0102589997 0.0270000007 0.0149999997
  vertex 0.0869999975 0.0270000007 0.0930000022
  vertex 0.00249999994 0.0270000007 0.0149999997
  endloop
 endfacet

 facet normal 0 -1 0
  outer loop
  vertex -0.0549999997 0.0270000007 -0.0590000004
  vertex 0.00249999994 0.0270000007 0.00698299985
  vertex -0.0549999997 0.0270000007 0.0670000017
  endloop
 endfacet

 facet normal 0.5885607 0.446457237 0.673997283
  outer loop
  vertex -0.0699469969 0.0276416615 0.076053001
  vertex -0.0697960705 0.0276705548 0.0759020671
  vertex -0.0707809404 0.0299999993 0.075219065
  endloop
 endfacet

 facet normal 0.588552833 0.446456075 0.674004912
  outer loop
  vertex -0.0705050901 0.0299999993 0.0749781877
  vertex -0.0707809404 0.0299999993 0.075219065
  vertex -0.0697960705 0.0276705548 0.0759020671
  endloop
 endfacet

 facet normal 0.707091093 -4.50583997e-07 -0.707122505
  outer loop
  vertex -0.0701444671 0.0279765315 -0.0677504763
  vertex -0.0701259971 0.0149999997 -0.0677319989
  vertex -0.0703112036 0.0278845411 -0.0679172054
  endloop
 endfacet

 facet normal -0.175960273 0.446476221 -0.877323806
  outer loop
  vertex 0.101565801 0.0299999993 -0.0660224855
  vertex 0.101924613 0.0299999993 -0.0660944507
  vertex 0.10143096 0.0279349796 -0.0670463443
  endloop
 endfacet

 facet normal -0.258115709 0 -0.966114104
  outer loop
  vertex 0.10125 0.0149999997 -0.0669979975
  vertex 0.10125 0.0280089285 -0.0669979975
  vertex 0.10143096 0.0279349796 -0.0670463443
  endloop
 endfacet

 facet normal 0 -1 0
  outer loop
  vertex 0.016384 0.0270000007 0.0149999997
  vertex 0.0216650013 0.0270000007 0.0149999997
  vertex 0.0869999975 0.0270000007 0.0930000022
  endloop
 endfacet

 facet normal 0 -1 0
  outer loop
  vertex 0.0216650013 0.0270000007 0.0149999997
  vertex 0.0294240005 0.0270000007 0.0149999997
  vertex 0.0869999975 0.0270000007 0.0930000022
  endloop
 endfacet

 facet normal 0 -1 0
  outer loop
  vertex 0.0869999975 0.0270000007 0.0670000017
  vertex 0.0869999975 0.0270000007 0.0930000022
  vertex 0.0294240005 0.0270000007 0.0149999997
  endloop
 endfacet

 facet normal 0.395281374 0.446415544 -0.802786231
  outer loop
  vertex -0.0706502497 0.0299999993 -0.0668742955
  vertex -0.0703214258 0.0299999993 -0.0667123869
  vertex -0.0701259971 0.0279933941 -0.0677319989
  endloop
 endfacet

 facet normal 0.395451963 0.446422666 -0.802698255
  outer loop
  vertex -0.0706502497 0.0299999993 -0.0668742955
  vertex -0.0701259971 0.0279933941 -0.0677319989
  vertex -0.0701444671 0.0279765315 -0.0677504763
  endloop
 endfacet

 facet normal 0 -1 0
  outer loop
  vertex 0.0264260005 0.026899999 -0.00142300001
  vertex 0.0159619991 0.026899999 0.0109999999
  vertex 0.0243919995 0.026899999 -0.00369499996
  endloop
 endfacet

 facet normal 0 -1 0
  outer loop
  vertex 0.00753200008 0.026899999 -0.00369499996
  vertex 0.00999899954 0.026899999 -0.00604399992
  vertex 0.0159619991 0.026899999 0.0109999999
  endloop
 endfacet

 facet normal 0 -1 0
  outer loop
  vertex 0.00999899954 0.026899999 -0.00604399992
  vertex 0.0128310006 0.026899999 -0.00847600028
  vertex 0.0159619991 0.026899999 0.0109999999
  endloop
 endfacet

 facet normal 0.395293415 0.446414173 -0.802781224
  outer loop
  vertex -0.0699218288 0.0279106814 -0.0676774606
  vertex -0.0701259971 0.0279933941 -0.0677319989
  vertex -0.0703214258 0.0299999993 -0.0667123869
  endloop
 endfacet

 facet normal 0.0561146289 0.446444154 0.893050313
  outer loop
  vertex 0.101199999 0.0299999993 0.0737994984
  vertex 0.100834198 0.0299999993 0.0738224834
  vertex 0.101199999 0.0275758561 0.0750113502
  endloop
 endfacet

 facet normal -0.288060814 0.44642207 -0.847188592
  outer loop
  vertex 0.101653732 0.0279058423 -0.0671058521
  vertex 0.101924613 0.0299999993 -0.0660944507
  vertex 0.10187681 0.0279367156 -0.0671654344
  endloop
 endfacet

 facet normal 0.258075178 0 -0.966124892
  outer loop
  vertex -0.0701259971 0.0149999997 -0.0677319989
  vertex -0.0701259971 0.0279933941 -0.0677319989
  vertex -0.0699218288 0.0279106814 -0.0676774606
  endloop
 endfacet

 facet normal 0 -1 0
  outer loop
  vertex -0.0549999997 0.0149999997 0.0670000017
  vertex -0.0549999997 0.0149999997 0.0930000022
  vertex -0.0669979975 0.0149999997 0.0772499964
  endloop
 endfacet

 facet normal 0.707249403 0 -0.706964254
  outer loop
  vertex -0.0701259971 0.0279933941 -0.0677319989
  vertex -0.0701259971 0.0149999997 -0.0677319989
  vertex -0.0701444671 0.0279765315 -0.0677504763
  endloop
 endfacet

 facet normal 0.673997223 0.446457446 0.588560641
  outer loop
  vertex -0.0699469969 0.0276416615 0.076053001
  vertex -0.0707809404 0.0299999993 0.075219065
  vertex -0.0700979307 0.0276705548 0.0762039274
  endloop
 endfacet

 facet normal 0.965853035 -3.14356896e-08 -0.259090811
  outer loop
  vertex -0.0709561333 0.0278391223 -0.0690753013
  vertex -0.0708980113 0.0278102942 -0.068858631
  vertex -0.0710029975 0.0149999997 -0.0692500025
  endloop
 endfacet

 facet normal 0.674006045 0.446456164 0.588551462
  outer loop
  vertex -0.0710218102 0.0299999993 0.0754949078
  vertex -0.0700979307 0.0276705548 0.0762039274
  vertex -0.0707809404 0.0299999993 0.075219065
  endloop
 endfacet

 facet normal 0 -1 0
  outer loop
  vertex -0.0672320053 0.0149999997 0.0781259984
  vertex -0.0669979975 0.0149999997 0.0772499964
  vertex -0.0549999997 0.0149999997 0.0930000022
  endloop
 endfacet

 facet normal 0.257985204 0 0.966148853
  outer loop
  vertex 0.10125 0.0149999997 0.0749979988
  vertex 0.10125 0.0276088566 0.0749979988
  vertex 0.101199999 0.0275758561 0.0750113502
  endloop
 endfacet

 facet normal 0.258099139 4.8518541e-07 0.966118455
  outer loop
  vertex 0.10125 0.0149999997 0.0749979988
  vertex 0.101199999 0.0275758561 0.0750113502
  vertex 0.100997888 0.0274932608 0.0750653446
  endloop
 endfacet

 facet normal -0.39528805 0.446413577 -0.802784085
  outer loop
  vertex 0.10187681 0.0279367156 -0.0671654344
  vertex 0.102271423 0.0299999993 -0.0662123859
  vertex 0.102107927 0.0280303452 -0.0672271699
  endloop
 endfacet

 facet normal 0 -1 0
  outer loop
  vertex 0.0165270008 0.026899999 0.012143
  vertex 0.0161080007 0.026899999 0.0114729991
  vertex 0.0294240005 0.026899999 0.00698299985
  endloop
 endfacet

 facet normal 0 -1 0
  outer loop
  vertex 0.0161080007 0.026899999 0.0114729991
  vertex 0.0159619991 0.026899999 0.0109999999
  vertex 0.0294240005 0.026899999 0.00698299985
  endloop
 endfacet

 facet normal 0 -1 0
  outer loop
  vertex 0.0293470006 0.026899999 0.00555399992
  vertex 0.0294240005 0.026899999 0.00698299985
  vertex 0.0159619991 0.026899999 0.0109999999
  endloop
 endfacet

 facet normal 0 -1 0
  outer loop
  vertex 0.0292689987 0.026899999 0.00499999989
  vertex 0.0293470006 0.026899999 0.00555399992
  vertex 0.0159619991 0.026899999 0.0109999999
  endloop
 endfacet

 facet normal 0 -1 0
  outer loop
  vertex 0.0171889998 0.026899999 0.01291
  vertex 0.0165270008 0.026899999 0.012143
  vertex 0.0294240005 0.026899999 0.00698299985
  endloop
 endfacet

 facet normal 0 -1 0
  outer loop
  vertex 0.0180639997 0.026899999 0.0136780003
  vertex 0.0171889998 0.026899999 0.01291
  vertex 0.0294240005 0.026899999 0.00698299985
  endloop
 endfacet

 facet normal 0 -1 0
  outer loop
  vertex 0.0191210005 0.026899999 0.014347
  vertex 0.0180639997 0.026899999 0.0136780003
  vertex 0.0294240005 0.026899999 0.00698299985
  endloop
 endfacet

 facet normal 0 -1 0
  outer loop
  vertex 0.0203320011 0.026899999 0.0148200002
  vertex 0.0191210005 0.026899999 0.014347
  vertex 0.0294240005 0.026899999 0.00698299985
  endloop
 endfacet

 facet normal 0 -1 0
  outer loop
  vertex 0.0216650013 0.026899999 0.0149999997
  vertex 0.0203320011 0.026899999 0.0148200002
  vertex 0.0294240005 0.026899999 0.00698299985
  endloop
 endfacet

 facet normal 0 -1 0
  outer loop
  vertex 0.0216650013 0.026899999 0.0149999997
  vertex 0.0294240005 0.026899999 0.00698299985
  vertex 0.0292689987 0.026899999 0.00893600006
  endloop
 endfacet

 facet normal 0 -1 0
  outer loop
  vertex 0.0216650013 0.026899999 0.0149999997
  vertex 0.0292689987 0.026899999 0.00893600006
  vertex 0.0286480002 0.026899999 0.0110640004
  endloop
 endfacet

 facet normal 0 -1 0
  outer loop
  vertex 0.0273289997 0.026899999 0.0130170006
  vertex 0.0250790007 0.026899999 0.0144459996
  vertex 0.0286480002 0.026899999 0.0110640004
  endloop
 endfacet

 facet normal 0 -1 0
  outer loop
  vertex 0.0216650013 0.026899999 0.0149999997
  vertex 0.0286480002 0.026899999 0.0110640004
  vertex 0.0250790007 0.026899999 0.0144459996
  endloop
 endfacet

 facet normal 0 -1 0
  outer loop
  vertex -0.0678739995 0.0149999997 0.0757320002
  vertex -0.0687500015 0.0149999997 0.0754979998
  vertex -0.0549999997 0.0149999997 0.0670000017
  endloop
 endfacet

 facet normal 0 -1 0
  outer loop
  vertex -0.0790000036 0.0149999997 0.0670000017
  vertex -0.0549999997 0.0149999997 0.0670000017
  vertex -0.0687500015 0.0149999997 0.0754979998
  endloop
 endfacet

 facet normal 0 -1 0
  outer loop
  vertex -0.0696259961 0.0149999997 0.0757320002
  vertex -0.0790000036 0.0149999997 0.0670000017
  vertex -0.0687500015 0.0149999997 0.0754979998
  endloop
 endfacet

 facet normal 0.707106829 -1.5476577e-10 0.707106829
  outer loop
  vertex -0.0696259961 0.0149999997 0.0757320002
  vertex -0.0699469969 0.0276416615 0.076053001
  vertex -0.0702679977 0.0149999997 0.0763740018
  endloop
 endfacet

 facet normal -0.258069962 5.36516666e-07 -0.966126323
  outer loop
  vertex 0.102107927 0.0280303452 -0.0672271699
  vertex 0.102126002 0.0149999997 -0.0672320053
  vertex 0.10187681 0.0279367156 -0.0671654344
  endloop
 endfacet

 facet normal 0 -1 0
  outer loop
  vertex 0.0243919995 0.026899999 -0.00369499996
  vertex 0.0159619991 0.026899999 0.0109999999
  vertex 0.0219260007 0.026899999 -0.00604399992
  endloop
 endfacet

 facet normal 0 -1 0
  outer loop
  vertex 0.0190930013 0.026899999 -0.00847600028
  vertex 0.0159619991 0.026899999 0.0109999999
  vertex 0.0128310006 0.026899999 -0.00847600028
  endloop
 endfacet

 facet normal 0 -1 0
  outer loop
  vertex 0.0159619991 0.026899999 -0.0109999999
  vertex 0.0190930013 0.026899999 -0.00847600028
  vertex 0.0128310006 0.026899999 -0.00847600028
  endloop
 endfacet

 facet normal 0 -1 0
  outer loop
  vertex 0.0219260007 0.026899999 -0.00604399992
  vertex 0.0159619991 0.026899999 0.0109999999
  vertex 0.0190930013 0.026899999 -0.00847600028
  endloop
 endfacet

 facet normal 0.743803442 0.446414113 0.497464627
  outer loop
  vertex -0.0700979307 0.0276705548 0.0762039274
  vertex -0.0710218102 0.0299999993 0.0754949078
  vertex -0.0702544227 0.0277569015 0.0763604268
  endloop
 endfacet

 facet normal 0.743789315 0.446416497 0.497483462
  outer loop
  vertex -0.0712257028 0.0299999993 0.0757997483
  vertex -0.0702544227 0.0277569015 0.0763604268
  vertex -0.0710218102 0.0299999993 0.0754949078
  endloop
 endfacet

 facet normal 0.288084477 0.446418852 -0.847182155
  outer loop
  vertex -0.0703214258 0.0299999993 -0.0667123869
  vertex -0.0699746087 0.0299999993 -0.0665944517
  vertex -0.0699218288 0.0279106814 -0.0676774606
  endloop
 endfacet

 facet normal 0.288083375 0.446419001 -0.847182453
  outer loop
  vertex -0.0697003901 0.0278800335 -0.0676183105
  vertex -0.0699218288 0.0279106814 -0.0676774606
  vertex -0.0699746087 0.0299999993 -0.0665944517
  endloop
 endfacet

 facet normal 0 -1 0
  outer loop
  vertex 0.00299299997 0.026899999 0.00291700009
  vertex 0.00396300014 0.026899999 0.000777999987
  vertex 0.0159619991 0.026899999 0.0109999999
  endloop
 endfacet

 facet normal 0 -1 0
  outer loop
  vertex 0.00396300014 0.026899999 0.000777999987
  vertex 0.00549799995 0.026899999 -0.00142300001
  vertex 0.0159619991 0.026899999 0.0109999999
  endloop
 endfacet

 facet normal 0 -1 0
  outer loop
  vertex 0.0279610008 0.026899999 0.000777999987
  vertex 0.0159619991 0.026899999 0.0109999999
  vertex 0.0264260005 0.026899999 -0.00142300001
  endloop
 endfacet

 facet normal 0 -1 0
  outer loop
  vertex 0.00549799995 0.026899999 -0.00142300001
  vertex 0.00753200008 0.026899999 -0.00369499996
  vertex 0.0159619991 0.026899999 0.0109999999
  endloop
 endfacet

 facet normal 0 -1 0
  outer loop
  vertex 0.00265499996 0.026899999 0.00499999989
  vertex 0.00299299997 0.026899999 0.00291700009
  vertex 0.0159619991 0.026899999 0.0109999999
  endloop
 endfacet

 facet normal 0 -1 0
  outer loop
  vertex 0.00249999994 0.026899999 0.00698299985
  vertex 0.00257800007 0.026899999 0.00555399992
  vertex 0.0159619991 0.026899999 0.0109999999
  endloop
 endfacet

 facet normal 0 -1 0
  outer loop
  vertex 0.00257800007 0.026899999 0.00555399992
  vertex 0.00265499996 0.026899999 0.00499999989
  vertex 0.0159619991 0.026899999 0.0109999999
  endloop
 endfacet

 facet normal 0.258090019 2.88882632e-07 0.966120899
  outer loop
  vertex 0.100802936 0.0274677612 0.0751174241
  vertex 0.10125 0.0149999997 0.0749979988
  vertex 0.100997888 0.0274932608 0.0750653446
  endloop
 endfacet

 facet normal 0.258069336 9.94867548e-08 -0.966126502
  outer loop
  vertex -0.0697003901 0.0278800335 -0.0676183105
  vertex -0.0701259971 0.0149999997 -0.0677319989
  vertex -0.0699218288 0.0279106814 -0.0676774606
  endloop
 endfacet

 facet normal -0.497760057 0.4464055 -0.743610859
  outer loop
  vertex 0.102107927 0.0280303452 -0.0672271699
  vertex 0.102600247 0.0299999993 -0.0663742945
  vertex 0.102126002 0.028042445 -0.0672320053
  endloop
 endfacet

 facet normal -0.49747929 0.44641608 -0.743792415
  outer loop
  vertex 0.102282912 0.0279558692 -0.0673889145
  vertex 0.102126002 0.028042445 -0.0672320053
  vertex 0.102905087 0.0299999993 -0.066578187
  endloop
 endfacet

 facet normal 0.707123637 -3.58416052e-08 0.707089961
  outer loop
  vertex -0.0702544227 0.0277569015 0.0763604268
  vertex -0.0702679977 0.0149999997 0.0763740018
  vertex -0.0700979307 0.0276705548 0.0762039274
  endloop
 endfacet

 facet normal 0.707106829 -2.26726457e-10 -0.707106769
  outer loop
  vertex -0.0703112036 0.0278845411 -0.0679172054
  vertex -0.0701259971 0.0149999997 -0.0677319989
  vertex -0.070472002 0.0278537553 -0.0680780038
  endloop
 endfacet

 facet normal 0.288093746 0.44642055 0.847178102
  outer loop
  vertex 0.100802936 0.0274677612 0.0751174241
  vertex 0.100475386 0.0299999993 0.0738944486
  vertex 0.100607723 0.0274947807 0.0751695707
  endloop
 endfacet

 facet normal -0.707106829 0 -0.707106829
  outer loop
  vertex 0.102126002 0.0149999997 -0.0672320053
  vertex 0.102126002 0.028042445 -0.0672320053
  vertex 0.102282912 0.0279558692 -0.0673889145
  endloop
 endfacet

 facet normal 0.802785993 0.44641611 0.395281225
  outer loop
  vertex -0.0712257028 0.0299999993 0.0757997483
  vertex -0.0713876113 0.0299999993 0.0761285722
  vertex -0.0702679977 0.0277692918 0.0763740018
  endloop
 endfacet

 facet normal 0.802770793 0.446417212 0.395310938
  outer loop
  vertex -0.0712257028 0.0299999993 0.0757997483
  vertex -0.0702679977 0.0277692918 0.0763740018
  vertex -0.0702544227 0.0277569015 0.0763604268
  endloop
 endfacet

 facet normal 0 -1 0
  outer loop
  vertex 0.00265499996 0.026899999 0.00893600006
  vertex 0.0159619991 0.026899999 0.0109999999
  vertex 0.0158159994 0.026899999 0.0114729991
  endloop
 endfacet

 facet normal 0 -1 0
  outer loop
  vertex 0.00265499996 0.026899999 0.00893600006
  vertex 0.0158159994 0.026899999 0.0114729991
  vertex 0.0153970001 0.026899999 0.012143
  endloop
 endfacet

 facet normal 0 -1 0
  outer loop
  vertex 0.00265499996 0.026899999 0.00893600006
  vertex 0.0153970001 0.026899999 0.012143
  vertex 0.0147349993 0.026899999 0.01291
  endloop
 endfacet

 facet normal 0 -1 0
  outer loop
  vertex 0.00265499996 0.026899999 0.00893600006
  vertex 0.0147349993 0.026899999 0.01291
  vertex 0.0138599994 0.026899999 0.0136780003
  endloop
 endfacet

 facet normal 0 -1 0
  outer loop
  vertex 0.00265499996 0.026899999 0.00893600006
  vertex 0.0138599994 0.026899999 0.0136780003
  vertex 0.0128030004 0.026899999 0.014347
  endloop
 endfacet

 facet normal 0 -1 0
  outer loop
  vertex 0.00265499996 0.026899999 0.00893600006
  vertex 0.0128030004 0.026899999 0.014347
  vertex 0.011593 0.026899999 0.0148200002
  endloop
 endfacet

 facet normal 0 -1 0
  outer loop
  vertex 0.00265499996 0.026899999 0.00893600006
  vertex 0.011593 0.026899999 0.0148200002
  vertex 0.0102589997 0.026899999 0.0149999997
  endloop
 endfacet

 facet normal 0 -1 0
  outer loop
  vertex 0.00684499973 0.026899999 0.0144459996
  vertex 0.00327600003 0.026899999 0.0110640004
  vertex 0.0102589997 0.026899999 0.0149999997
  endloop
 endfacet

 facet normal 0 -1 0
  outer loop
  vertex 0.00459499983 0.026899999 0.0130170006
  vertex 0.00327600003 0.026899999 0.0110640004
  vertex 0.00684499973 0.026899999 0.0144459996
  endloop
 endfacet

 facet normal 0 -1 0
  outer loop
  vertex 0.00265499996 0.026899999 0.00893600006
  vertex 0.0102589997 0.026899999 0.0149999997
  vertex 0.00327600003 0.026899999 0.0110640004
  endloop
 endfacet

 facet normal -0.258430868 0 -0.966029763
  outer loop
  vertex 0.102126002 0.028042445 -0.0672320053
  vertex 0.102126002 0.0149999997 -0.0672320053
  vertex 0.102107927 0.0280303452 -0.0672271699
  endloop
 endfacet

 facet normal 0.802776277 0.446413726 0.395303577
  outer loop
  vertex -0.0703206733 0.0276901517 0.076570347
  vertex -0.0702679977 0.0277692918 0.0763740018
  vertex -0.0713876113 0.0299999993 0.0761285722
  endloop
 endfacet

 facet normal 0 -1 0
  outer loop
  vertex 0.00265499996 0.026899999 0.00893600006
  vertex 0.00249999994 0.026899999 0.00698299985
  vertex 0.0159619991 0.026899999 0.0109999999
  endloop
 endfacet

 facet normal 0 -1 0
  outer loop
  vertex 0.0279610008 0.026899999 0.000777999987
  vertex 0.0289309993 0.026899999 0.00291700009
  vertex 0.0159619991 0.026899999 0.0109999999
  endloop
 endfacet

 facet normal 0 -1 0
  outer loop
  vertex 0.0289309993 0.026899999 0.00291700009
  vertex 0.0292689987 0.026899999 0.00499999989
  vertex 0.0159619991 0.026899999 0.0109999999
  endloop
 endfacet

 facet normal 0.965845764 0 0.259117723
  outer loop
  vertex -0.0702679977 0.0149999997 0.0763740018
  vertex -0.0702679977 0.0277692918 0.0763740018
  vertex -0.0703206733 0.0276901517 0.076570347
  endloop
 endfacet

 facet normal 0.395270288 0.446417779 0.802790523
  outer loop
  vertex 0.100607723 0.0274947807 0.0751695707
  vertex 0.100128569 0.0299999993 0.0740123838
  vertex 0.100405462 0.0275767166 0.0752235949
  endloop
 endfacet

 facet normal 0.258075923 -1.66826496e-07 -0.966124654
  outer loop
  vertex -0.0694792643 0.0279089585 -0.0675592422
  vertex -0.0692500025 0.0149999997 -0.0674979985
  vertex -0.0697003901 0.0278800335 -0.0676183105
  endloop
 endfacet

 facet normal 0.395303458 0.446414322 0.802776039
  outer loop
  vertex 0.0997997522 0.0299999993 0.0741742998
  vertex 0.100405462 0.0275767166 0.0752235949
  vertex 0.100128569 0.0299999993 0.0740123838
  endloop
 endfacet

 facet normal 0.707106829 0 0.707106829
  outer loop
  vertex -0.0702679977 0.0277692918 0.0763740018
  vertex -0.0702679977 0.0149999997 0.0763740018
  vertex -0.0702544227 0.0277569015 0.0763604268
  endloop
 endfacet

 facet normal 0 -1 0
  outer loop
  vertex -0.0669979975 0.0149999997 0.0772499964
  vertex -0.0672320053 0.0149999997 0.0763740018
  vertex -0.0549999997 0.0149999997 0.0670000017
  endloop
 endfacet

 facet normal 0 -1 0
  outer loop
  vertex -0.0672320053 0.0149999997 0.0763740018
  vertex -0.0678739995 0.0149999997 0.0757320002
  vertex -0.0549999997 0.0149999997 0.0670000017
  endloop
 endfacet

 facet normal 0.258054733 1.77762143e-08 0.966130376
  outer loop
  vertex 0.100405462 0.0275767166 0.0752235949
  vertex 0.100373998 0.0149999997 0.0752319992
  vertex 0.100607723 0.0274947807 0.0751695707
  endloop
 endfacet

 facet normal 0 -1 0
  outer loop
  vertex 0.0869999975 0.0270000007 0.0670000017
  vertex 0.0294240005 0.0270000007 0.0149999997
  vertex 0.0294240005 0.0270000007 0.00698299985
  endloop
 endfacet

 facet normal 0 -1 0
  outer loop
  vertex 0.0294240005 0.0270000007 -0.000147847968
  vertex 0.0869999975 0.0270000007 -0.0590000004
  vertex 0.0294240005 0.0270000007 0.00698299985
  endloop
 endfacet

 facet normal 0 -1 0
  outer loop
  vertex 0.016384 0.0270000007 -0.0109999999
  vertex 0.0869999975 0.0270000007 -0.0590000004
  vertex 0.0294240005 0.0270000007 -0.000147847968
  endloop
 endfacet

 facet normal 0 -1 0
  outer loop
  vertex 0.0869999975 0.0270000007 0.0670000017
  vertex 0.0294240005 0.0270000007 0.00698299985
  vertex 0.0869999975 0.0270000007 -0.0590000004
  endloop
 endfacet

 facet normal 0 -1 0
  outer loop
  vertex -0.0687500015 0.0149999997 0.0790029988
  vertex -0.0678739995 0.0149999997 0.078768
  vertex -0.0549999997 0.0149999997 0.0930000022
  endloop
 endfacet

 facet normal 0 -1 0
  outer loop
  vertex -0.0678739995 0.0149999997 0.078768
  vertex -0.0672320053 0.0149999997 0.0781259984
  vertex -0.0549999997 0.0149999997 0.0930000022
  endloop
 endfacet

 facet normal 0.847176313 0.446419209 0.288100749
  outer loop
  vertex -0.0713876113 0.0299999993 0.0761285722
  vertex -0.071505554 0.0299999993 0.0764753893
  vertex -0.0703206733 0.0276901517 0.076570347
  endloop
 endfacet

 facet normal 0.847179532 0.446420372 0.288089842
  outer loop
  vertex -0.0703763291 0.0276618842 0.0767778158
  vertex -0.0703206733 0.0276901517 0.076570347
  vertex -0.071505554 0.0299999993 0.0764753893
  endloop
 endfacet

 facet normal 0.965850472 2.90638127e-07 0.259100199
  outer loop
  vertex -0.0703763291 0.0276618842 0.0767778158
  vertex -0.0702679977 0.0149999997 0.0763740018
  vertex -0.0703206733 0.0276901517 0.076570347
  endloop
 endfacet

 facet normal 0.497466028 0.446414292 0.743802249
  outer loop
  vertex 0.100405462 0.0275767166 0.0752235949
  vertex 0.0997997522 0.0299999993 0.0741742998
  vertex 0.100373998 0.0275977757 0.0752319992
  endloop
 endfacet

 facet normal 0.497484356 0.446413517 0.743790567
  outer loop
  vertex 0.0997997522 0.0299999993 0.0741742998
  vertex 0.0994949117 0.0299999993 0.0743781924
  vertex 0.100373998 0.0275977757 0.0752319992
  endloop
 endfacet

 facet normal 0 -1 0
  outer loop
  vertex 0.0159619991 0.0270000007 -0.0109999999
  vertex 0.0121770985 0.0270000007 -0.0109999999
  vertex -0.0549999997 0.0270000007 -0.0850000009
  endloop
 endfacet

 facet normal 0 -1 0
  outer loop
  vertex -0.0549999997 0.0270000007 -0.0590000004
  vertex -0.0549999997 0.0270000007 -0.0850000009
  vertex 0.0121770985 0.0270000007 -0.0109999999
  endloop
 endfacet

 facet normal 0 -1 0
  outer loop
  vertex -0.0549999997 0.0270000007 -0.0590000004
  vertex 0.0121770985 0.0270000007 -0.0109999999
  vertex 0.00249999994 0.0270000007 5.99520449e-18
  endloop
 endfacet

 facet normal -0.707106769 -4.09983159e-07 -0.707106769
  outer loop
  vertex -0.068028003 0.0278537553 -0.0680780038
  vertex -0.0677319989 0.0149999997 -0.0683740005
  vertex -0.0683740005 0.0149999997 -0.0677319989
  endloop
 endfacet

 facet normal 0 -1 0
  outer loop
  vertex -0.0790000036 0.0149999997 0.0670000017
  vertex -0.0696259961 0.0149999997 0.0757320002
  vertex -0.0702679977 0.0149999997 0.0763740018
  endloop
 endfacet

 facet normal 0 -1 0
  outer loop
  vertex -0.0702679977 0.0149999997 0.0781259984
  vertex -0.0790000036 0.0149999997 0.0990732461
  vertex -0.0705029964 0.0149999997 0.0772499964
  endloop
 endfacet

 facet normal 0 -1 0
  outer loop
  vertex -0.0705029964 0.0149999997 0.0772499964
  vertex -0.0790000036 0.0149999997 0.0670000017
  vertex -0.0702679977 0.0149999997 0.0763740018
  endloop
 endfacet

 facet normal 0 -1 0
  outer loop
  vertex 0.0294240005 0.0270000007 -0.000147847968
  vertex 0.0190930013 0.0270000007 -0.00847600028
  vertex 0.016384 0.0270000007 -0.0109999999
  endloop
 endfacet

 facet normal 0 -1 0
  outer loop
  vertex -0.0696259961 0.0149999997 0.078768
  vertex -0.0687500015 0.0149999997 0.0790029988
  vertex -0.0790000036 0.0149999997 0.0990732461
  endloop
 endfacet

 facet normal 0 -1 0
  outer loop
  vertex -0.0549999997 0.0149999997 0.0930000022
  vertex -0.0790000036 0.0149999997 0.0990732461
  vertex -0.0687500015 0.0149999997 0.0790029988
  endloop
 endfacet

 facet normal 0 -1 0
  outer loop
  vertex 0.0294240005 0.0270000007 -0.000147847968
  vertex 0.0219260007 0.0270000007 -0.00604399992
  vertex 0.0190930013 0.0270000007 -0.00847600028
  endloop
 endfacet

 facet normal 0 -1 0
  outer loop
  vertex -0.0702679977 0.0149999997 0.0781259984
  vertex -0.0696259961 0.0149999997 0.078768
  vertex -0.0790000036 0.0149999997 0.0990732461
  endloop
 endfacet

 facet normal 0 -1 0
  outer loop
  vertex -0.0790000036 0.0149999997 0.0670000017
  vertex -0.0705029964 0.0149999997 0.0772499964
  vertex -0.0790000036 0.0149999997 0.0990732461
  endloop
 endfacet

 facet normal 0.707127631 0 0.707086027
  outer loop
  vertex 0.100373998 0.0149999997 0.0752319992
  vertex 0.100373998 0.0275977757 0.0752319992
  vertex 0.100247353 0.0275278986 0.0753586516
  endloop
 endfacet

 facet normal 0.877321362 0.446475863 0.175973028
  outer loop
  vertex -0.0703763291 0.0276618842 0.0767778158
  vertex -0.071505554 0.0299999993 0.0764753893
  vertex -0.0704319328 0.0276894588 0.0769850686
  endloop
 endfacet

 facet normal 0.877328038 0.446473122 0.175946549
  outer loop
  vertex -0.0715775117 0.0299999993 0.0768341944
  vertex -0.0704319328 0.0276894588 0.0769850686
  vertex -0.071505554 0.0299999993 0.0764753893
  endloop
 endfacet

 facet normal 0 -1 0
  outer loop
  vertex 0.0219260007 0.0270000007 -0.00604399992
  vertex 0.0294240005 0.0270000007 -0.000147847968
  vertex 0.0243919995 0.0270000007 -0.00369499996
  endloop
 endfacet

 facet normal 0.997785211 -0.066519022 5.35850496e-11
  outer loop
  vertex -0.0790000036 0.0149999997 0.0990732461
  vertex -0.0790664703 0.0140030002 0.099139601
  vertex -0.0790664703 0.0140030002 0.0670000017
  endloop
 endfacet

 facet normal 0.997785211 -0.0665190071 0
  outer loop
  vertex -0.0790000036 0.0149999997 0.0990732461
  vertex -0.0790664703 0.0140030002 0.0670000017
  vertex -0.0790000036 0.0149999997 0.0670000017
  endloop
 endfacet

 facet normal 0 -1 0
  outer loop
  vertex 0.0264260005 0.0270000007 -0.00142300001
  vertex 0.0294240005 0.0270000007 -0.000147847968
  vertex 0.0279610008 0.0270000007 0.000777999987
  endloop
 endfacet

 facet normal 0 -1 0
  outer loop
  vertex 0.0243919995 0.0270000007 -0.00369499996
  vertex 0.0294240005 0.0270000007 -0.000147847968
  vertex 0.0264260005 0.0270000007 -0.00142300001
  endloop
 endfacet

 facet normal 0.965843797 1.03297077e-06 0.259125262
  outer loop
  vertex -0.0704319328 0.0276894588 0.0769850686
  vertex -0.0705029964 0.0149999997 0.0772499964
  vertex -0.0703763291 0.0276618842 0.0767778158
  endloop
 endfacet

 facet normal 0.25806132 0 0.966128528
  outer loop
  vertex 0.100373998 0.0275977757 0.0752319992
  vertex 0.100373998 0.0149999997 0.0752319992
  vertex 0.100405462 0.0275767166 0.0752235949
  endloop
 endfacet

 facet normal -0.288083375 0.446419001 -0.847182453
  outer loop
  vertex -0.0687996075 0.0278800335 -0.0676183105
  vertex -0.0685253888 0.0299999993 -0.0665944517
  vertex -0.0685781687 0.0279106814 -0.0676774606
  endloop
 endfacet

 facet normal 0.588524401 0.446454644 0.674030721
  outer loop
  vertex 0.100102998 0.0275002625 0.0755029991
  vertex 0.100247353 0.0275278986 0.0753586516
  vertex 0.0992190614 0.0299999993 0.0746190622
  endloop
 endfacet

 facet normal -0.288084477 0.446418852 -0.847182155
  outer loop
  vertex -0.0681785718 0.0299999993 -0.0667123869
  vertex -0.0685781687 0.0279106814 -0.0676774606
  vertex -0.0685253888 0.0299999993 -0.0665944517
  endloop
 endfacet

 facet normal 0 -1 0
  outer loop
  vertex 0.0279610008 0.0270000007 0.000777999987
  vertex 0.0294240005 0.0270000007 -0.000147847968
  vertex 0.0289309993 0.0270000007 0.00291700009
  endloop
 endfacet

 facet normal 0.892863154 0.446508467 0.0585294478
  outer loop
  vertex -0.0704319328 0.0276894588 0.0769850686
  vertex -0.0715775117 0.0299999993 0.0768341944
  vertex -0.0704895854 0.027776571 0.0771999955
  endloop
 endfacet

 facet normal 0.892859817 0.446511447 0.0585577264
  outer loop
  vertex -0.0716015026 0.0299999993 0.0771999955
  vertex -0.0704895854 0.027776571 0.0771999955
  vertex -0.0715775117 0.0299999993 0.0768341944
  endloop
 endfacet

 facet normal 0 -1 0
  outer loop
  vertex 0.0294240005 0.0270000007 -0.000147847968
  vertex 0.0292689987 0.0270000007 0.00499999989
  vertex 0.0289309993 0.0270000007 0.00291700009
  endloop
 endfacet

 facet normal -0.00247546192 0.0666227341 0.997775197
  outer loop
  vertex -0.0799999982 0.0149999997 0.0990698859
  vertex -0.0800030008 0.0140030002 0.0991364494
  vertex -0.0799999982 0.0140030002 0.0991364568
  endloop
 endfacet

 facet normal 0.588542223 0.446456909 0.674013615
  outer loop
  vertex 0.100247353 0.0275278986 0.0753586516
  vertex 0.0994949117 0.0299999993 0.0743781924
  vertex 0.0992190614 0.0299999993 0.0746190622
  endloop
 endfacet

 facet normal 0 -1 0
  outer loop
  vertex 0.0292689987 0.0270000007 0.00499999989
  vertex 0.0294240005 0.0270000007 -0.000147847968
  vertex 0.0293470006 0.0270000007 0.00555399992
  endloop
 endfacet

 facet normal -0.00335840764 0.0666252151 0.997772396
  outer loop
  vertex -0.0799999982 0.0149999997 0.0990698859
  vertex -0.100000001 6.25329121e-05 0.100000001
  vertex -0.0800030008 0.0140030002 0.0991364494
  endloop
 endfacet

 facet normal -0.00335828401 0.0666250363 0.997772515
  outer loop
  vertex -0.0800030008 0.00107049651 0.100000001
  vertex -0.0800030008 0.0140030002 0.0991364494
  vertex -0.100000001 6.25329121e-05 0.100000001
  endloop
 endfacet

 facet normal 0 -1 0
  outer loop
  vertex -0.0800030008 0.0140030002 0.0991364494
  vertex -0.0799999982 0.0140030002 0.0670000017
  vertex -0.0799999982 0.0140030002 0.0991364568
  endloop
 endfacet

 facet normal 0 -1 0
  outer loop
  vertex 0.0294240005 0.0270000007 -0.000147847968
  vertex 0.0294240005 0.0270000007 0.00698299985
  vertex 0.0293470006 0.0270000007 0.00555399992
  endloop
 endfacet

 facet normal 1 0 0
  outer loop
  vertex -0.0800030008 -2.22044608e-17 0.100000001
  vertex -0.0800030008 0.00999800023 0.0600029975
  vertex -0.0800030008 0.00107049651 0.100000001
  endloop
 endfacet

 facet normal 0 -1 0
  outer loop
  vertex 0.0294240005 0.0270000007 0.00698299985
  vertex 0.0294240005 0.0270000007 0.0149999997
  vertex 0.0292689987 0.0270000007 0.00893600006
  endloop
 endfacet

 facet normal 0.707110941 1.77568936e-07 0.707102716
  outer loop
  vertex 0.0997320041 0.0149999997 0.0758740008
  vertex 0.100373998 0.0149999997 0.0752319992
  vertex 0.100102998 0.0275002625 0.0755029991
  endloop
 endfacet

 facet normal -0.00336052268 0.0666225702 0.997772634
  outer loop
  vertex -0.0799999982 0.0140030002 0.0991364568
  vertex -0.0790664703 0.0140030002 0.099139601
  vertex -0.0799999982 0.0149999997 0.0990698859
  endloop
 endfacet

 facet normal -0.00335274404 0.0666298196 0.997772157
  outer loop
  vertex -0.0790000036 0.0149999997 0.0990732461
  vertex -0.0799999982 0.0149999997 0.0990698859
  vertex -0.0790664703 0.0140030002 0.099139601
  endloop
 endfacet

 facet normal -0.395293415 0.446414113 -0.802781224
  outer loop
  vertex -0.0681785718 0.0299999993 -0.0667123869
  vertex -0.0683740005 0.0279933941 -0.0677319989
  vertex -0.0685781687 0.0279106814 -0.0676774606
  endloop
 endfacet

 facet normal 0 -1 0
  outer loop
  vertex 0.0292689987 0.0270000007 0.00893600006
  vertex 0.0294240005 0.0270000007 0.0149999997
  vertex 0.0286480002 0.0270000007 0.0110640004
  endloop
 endfacet

 facet normal 0 -1 0
  outer loop
  vertex -0.0799999982 0.0140030002 0.0991364568
  vertex -0.0799999982 0.0140030002 0.0670000017
  vertex -0.0790664703 0.0140030002 0.0670000017
  endloop
 endfacet

 facet normal 0 -1 0
  outer loop
  vertex -0.0799999982 0.0140030002 0.0991364568
  vertex -0.0790664703 0.0140030002 0.0670000017
  vertex -0.0790664703 0.0140030002 0.099139601
  endloop
 endfacet

 facet normal 0 -1 0
  outer loop
  vertex 0.0286480002 0.0270000007 0.0110640004
  vertex 0.0294240005 0.0270000007 0.0149999997
  vertex 0.0273289997 0.0270000007 0.0130170006
  endloop
 endfacet

 facet normal -0.395281404 0.446415544 -0.802786291
  outer loop
  vertex -0.0681785718 0.0299999993 -0.0667123869
  vertex -0.0678497478 0.0299999993 -0.0668742955
  vertex -0.0683740005 0.0279933941 -0.0677319989
  endloop
 endfacet

 facet normal 0 -1 0
  outer loop
  vertex 0.0294240005 0.0270000007 0.0149999997
  vertex 0.0216650013 0.0270000007 0.0149999997
  vertex 0.0250790007 0.0270000007 0.0144459996
  endloop
 endfacet

 facet normal 0 -1 0
  outer loop
  vertex 0.0294240005 0.0270000007 0.0149999997
  vertex 0.0250790007 0.0270000007 0.0144459996
  vertex 0.0273289997 0.0270000007 0.0130170006
  endloop
 endfacet

 facet normal -1 0 0
  outer loop
  vertex 0.0869999975 0.0149999997 0.0670000017
  vertex 0.0869999975 0.0149999997 0.0930000022
  vertex 0.0869999975 0.0270000007 0.0930000022
  endloop
 endfacet

 facet normal -1 0 0
  outer loop
  vertex 0.0869999975 0.0149999997 0.0670000017
  vertex 0.0869999975 0.0270000007 0.0930000022
  vertex 0.0869999975 0.0270000007 0.0670000017
  endloop
 endfacet

 facet normal 0.892861485 0.446510375 -0.0585402399
  outer loop
  vertex -0.0715775117 0.0299999993 0.0775658041
  vertex -0.0704578385 0.027741719 0.0774183422
  vertex -0.0705029964 0.0278099477 0.0772499964
  endloop
 endfacet

 facet normal 0.892858744 0.446510911 -0.0585771874
  outer loop
  vertex -0.0704895854 0.027776571 0.0771999955
  vertex -0.0716015026 0.0299999993 0.0771999955
  vertex -0.0705029964 0.0278099477 0.0772499964
  endloop
 endfacet

 facet normal 0.892859638 0.446511805 -0.0585565194
  outer loop
  vertex -0.0715775117 0.0299999993 0.0775658041
  vertex -0.0705029964 0.0278099477 0.0772499964
  vertex -0.0716015026 0.0299999993 0.0771999955
  endloop
 endfacet

 facet normal 0.674016416 0.44645521 0.588540316
  outer loop
  vertex 0.0999586508 0.0275278986 0.0756473467
  vertex 0.100102998 0.0275002625 0.0755029991
  vertex 0.0992190614 0.0299999993 0.0746190622
  endloop
 endfacet

 facet normal 0.395325005 0.446413636 -0.802765846
  outer loop
  vertex 0.10053315 0.0278846454 -0.0671894848
  vertex 0.100373998 0.0279491208 -0.0672320053
  vertex 0.100128569 0.0299999993 -0.0662123859
  endloop
 endfacet

 facet normal -0.707249403 0 -0.706964254
  outer loop
  vertex -0.0683740005 0.0149999997 -0.0677319989
  vertex -0.0683740005 0.0279933941 -0.0677319989
  vertex -0.0683555305 0.0279765315 -0.0677504763
  endloop
 endfacet

 facet normal -0.997785211 -0.066519022 0
  outer loop
  vertex 0.111066468 0.0140030002 0.0670000017
  vertex 0.111066468 0.0140030002 0.0997791737
  vertex 0.111000001 0.0149999997 0.099712342
  endloop
 endfacet

 facet normal -0.997785211 -0.0665190071 -5.26468522e-11
  outer loop
  vertex 0.111066468 0.0140030002 0.0670000017
  vertex 0.111000001 0.0149999997 0.099712342
  vertex 0.111000001 0.0149999997 0.0670000017
  endloop
 endfacet

 facet normal 0.965854347 0 -0.259085834
  outer loop
  vertex -0.0705029964 0.0149999997 0.0772499964
  vertex -0.0705029964 0.0278099477 0.0772499964
  vertex -0.0704578385 0.027741719 0.0774183422
  endloop
 endfacet

 facet normal 0.674004674 0.44645679 0.588552535
  outer loop
  vertex 0.0999586508 0.0275278986 0.0756473467
  vertex 0.0992190614 0.0299999993 0.0746190622
  vertex 0.0989781842 0.0299999993 0.0748949125
  endloop
 endfacet

 facet normal -0.00335252448 0.0666596815 0.99777019
  outer loop
  vertex 0.111066468 0.0140030002 0.0997791737
  vertex 0.112000003 0.0140030002 0.0997823104
  vertex 0.112000003 0.0149999997 0.0997157022
  endloop
 endfacet

 facet normal -0.00335270865 0.0666598529 0.99777019
  outer loop
  vertex 0.111066468 0.0140030002 0.0997791737
  vertex 0.112000003 0.0149999997 0.0997157022
  vertex 0.111000001 0.0149999997 0.099712342
  endloop
 endfacet

 facet normal -0.258075178 0 -0.966124892
  outer loop
  vertex -0.0683740005 0.0279933941 -0.0677319989
  vertex -0.0683740005 0.0149999997 -0.0677319989
  vertex -0.0685781687 0.0279106814 -0.0676774606
  endloop
 endfacet

 facet normal 0.707106829 4.19597512e-07 0.707106769
  outer loop
  vertex 0.0999586508 0.0275278986 0.0756473467
  vertex 0.0997320041 0.0149999997 0.0758740008
  vertex 0.100102998 0.0275002625 0.0755029991
  endloop
 endfacet

 facet normal 0 -1 0
  outer loop
  vertex 0.112000003 0.0140030002 0.0670000017
  vertex 0.112000003 0.0140030002 0.0997823104
  vertex 0.111066468 0.0140030002 0.0997791737
  endloop
 endfacet

 facet normal 0 -1 0
  outer loop
  vertex 0.112000003 0.0140030002 0.0670000017
  vertex 0.111066468 0.0140030002 0.0997791737
  vertex 0.111066468 0.0140030002 0.0670000017
  endloop
 endfacet

 facet normal 0 -1 0
  outer loop
  vertex 0.0216650013 0.0270000007 0.0149999997
  vertex 0.016384 0.0270000007 0.0149999997
  vertex 0.0203320011 0.0270000007 0.0148200002
  endloop
 endfacet

 facet normal 0.965849519 1.70909161e-07 0.259103686
  outer loop
  vertex -0.0702679977 0.0149999997 0.0763740018
  vertex -0.0703763291 0.0276618842 0.0767778158
  vertex -0.0705029964 0.0149999997 0.0772499964
  endloop
 endfacet

 facet normal 0.96586132 0 0.259059817
  outer loop
  vertex -0.0705029964 0.0278099477 0.0772499964
  vertex -0.0705029964 0.0149999997 0.0772499964
  vertex -0.0704895854 0.027776571 0.0771999955
  endloop
 endfacet

 facet normal 0 -1 0
  outer loop
  vertex 0.016384 0.0270000007 0.0149999997
  vertex 0.0191210005 0.0270000007 0.014347
  vertex 0.0203320011 0.0270000007 0.0148200002
  endloop
 endfacet

 facet normal 0.707089484 8.82258632e-07 0.707124114
  outer loop
  vertex -0.0700979307 0.0276705548 0.0762039274
  vertex -0.0702679977 0.0149999997 0.0763740018
  vertex -0.0699469969 0.0276416615 0.076053001
  endloop
 endfacet

 facet normal 0.288085431 0.446418941 -0.847181737
  outer loop
  vertex 0.10053315 0.0278846454 -0.0671894848
  vertex 0.100475386 0.0299999993 -0.0660944507
  vertex 0.100752942 0.0278542247 -0.0671307743
  endloop
 endfacet

 facet normal 0 -1 0
  outer loop
  vertex 0.0191210005 0.0270000007 0.014347
  vertex 0.016384 0.0270000007 0.0149999997
  vertex 0.0180639997 0.0270000007 0.0136780003
  endloop
 endfacet

 facet normal 0 -1 0
  outer loop
  vertex 0.0180639997 0.0270000007 0.0136780003
  vertex 0.016384 0.0270000007 0.0149999997
  vertex 0.0171889998 0.0270000007 0.01291
  endloop
 endfacet

 facet normal 0 -1 0
  outer loop
  vertex 0.102767996 0.0149999997 0.0776259974
  vertex 0.111000001 0.0149999997 0.099712342
  vertex 0.102126002 0.0149999997 0.078267999
  endloop
 endfacet

 facet normal 0 -1 0
  outer loop
  vertex 0.0171889998 0.0270000007 0.01291
  vertex 0.016384 0.0270000007 0.0149999997
  vertex 0.0165270008 0.0270000007 0.012143
  endloop
 endfacet

 facet normal 0.877328038 0.44647491 -0.175942883
  outer loop
  vertex -0.0715775117 0.0299999993 0.0775658041
  vertex -0.071505554 0.0299999993 0.0779246166
  vertex -0.0704578385 0.027741719 0.0774183422
  endloop
 endfacet

 facet normal 0.743798673 0.446414083 0.49747166
  outer loop
  vertex 0.098774299 0.0299999993 0.075199753
  vertex 0.0998089761 0.0276104789 0.0757970214
  vertex 0.0989781842 0.0299999993 0.0748949125
  endloop
 endfacet

 facet normal -0.707091093 -4.50583997e-07 -0.707122505
  outer loop
  vertex -0.0683740005 0.0149999997 -0.0677319989
  vertex -0.0683555305 0.0279765315 -0.0677504763
  vertex -0.068188794 0.0278845411 -0.0679172054
  endloop
 endfacet

 facet normal 0.258115858 0 -0.966113985
  outer loop
  vertex 0.100373998 0.0149999997 -0.0672320053
  vertex 0.100373998 0.0279491208 -0.0672320053
  vertex 0.10053315 0.0278846454 -0.0671894848
  endloop
 endfacet

 facet normal 0.258082032 2.34558044e-07 -0.966123044
  outer loop
  vertex 0.10125 0.0149999997 -0.0669979975
  vertex 0.100373998 0.0149999997 -0.0672320053
  vertex 0.100752942 0.0278542247 -0.0671307743
  endloop
 endfacet

 facet normal 0 -1 0
  outer loop
  vertex 0.0128310006 0.0270000007 -0.00847600028
  vertex 0.00999899954 0.0270000007 -0.00604399992
  vertex 0.0121770985 0.0270000007 -0.0109999999
  endloop
 endfacet

 facet normal 0 -1 0
  outer loop
  vertex 0.00249999994 0.0270000007 5.99520449e-18
  vertex 0.00549799995 0.0270000007 -0.00142300001
  vertex 0.00396300014 0.0270000007 0.000777999987
  endloop
 endfacet

 facet normal 0 -1 0
  outer loop
  vertex 0.00396300014 0.0270000007 0.000777999987
  vertex 0.00299299997 0.0270000007 0.00291700009
  vertex 0.00249999994 0.0270000007 5.99520449e-18
  endloop
 endfacet

 facet normal 0.707054317 0 -0.707159281
  outer loop
  vertex 0.100373998 0.0149999997 -0.0672320053
  vertex 0.100323826 0.0279033221 -0.0672821701
  vertex 0.100373998 0.0279491208 -0.0672320053
  endloop
 endfacet

 facet normal 0.707106948 4.16435967e-07 0.707106709
  outer loop
  vertex 0.0998089761 0.0276104789 0.0757970214
  vertex 0.0997320041 0.0149999997 0.0758740008
  vertex 0.0999586508 0.0275278986 0.0756473467
  endloop
 endfacet

 facet normal 0 -1 0
  outer loop
  vertex 0.00549799995 0.0270000007 -0.00142300001
  vertex 0.00249999994 0.0270000007 5.99520449e-18
  vertex 0.00753200008 0.0270000007 -0.00369499996
  endloop
 endfacet

 facet normal 0 -1 0
  outer loop
  vertex 0.0159619991 0.0270000007 -0.0109999999
  vertex 0.0128310006 0.0270000007 -0.00847600028
  vertex 0.0121770985 0.0270000007 -0.0109999999
  endloop
 endfacet

 facet normal 0 -1 0
  outer loop
  vertex 0.00249999994 0.0270000007 5.99520449e-18
  vertex 0.0121770985 0.0270000007 -0.0109999999
  vertex 0.00753200008 0.0270000007 -0.00369499996
  endloop
 endfacet

 facet normal 0.175937191 0.446473002 -0.877330065
  outer loop
  vertex 0.100475386 0.0299999993 -0.0660944507
  vertex 0.100972436 0.0278829373 -0.0670721456
  vertex 0.100752942 0.0278542247 -0.0671307743
  endloop
 endfacet

 facet normal 0 -1 0
  outer loop
  vertex 0.00999899954 0.0270000007 -0.00604399992
  vertex 0.00753200008 0.0270000007 -0.00369499996
  vertex 0.0121770985 0.0270000007 -0.0109999999
  endloop
 endfacet

 facet normal 0.802782774 0.446415424 0.395288646
  outer loop
  vertex 0.0986123905 0.0299999993 0.0755285695
  vertex 0.0997320041 0.0276807435 0.0758740008
  vertex 0.098774299 0.0299999993 0.075199753
  endloop
 endfacet

 facet normal -0.588552773 0.446459621 -0.674002528
  outer loop
  vertex -0.067269057 0.0299999993 -0.0673190579
  vertex -0.068028003 0.0278537553 -0.0680780038
  vertex -0.068188794 0.0278845411 -0.0679172054
  endloop
 endfacet

 facet normal 0 -1 0
  outer loop
  vertex 0.102126002 0.0149999997 0.0752319992
  vertex 0.10125 0.0149999997 0.0749979988
  vertex 0.111000001 0.0149999997 0.0670000017
  endloop
 endfacet

 facet normal 0 -1 0
  outer loop
  vertex 0.0869999975 0.0149999997 0.0670000017
  vertex 0.111000001 0.0149999997 0.0670000017
  vertex 0.10125 0.0149999997 0.0749979988
  endloop
 endfacet

 facet normal 0 -1 0
  outer loop
  vertex 0.100373998 0.0149999997 0.0752319992
  vertex 0.0869999975 0.0149999997 0.0670000017
  vertex 0.10125 0.0149999997 0.0749979988
  endloop
 endfacet

 facet normal 0 -1 0
  outer loop
  vertex 0.0159619991 0.0270000007 -0.0109999999
  vertex 0.016384 0.0270000007 -0.0109999999
  vertex 0.0190930013 0.0270000007 -0.00847600028
  endloop
 endfacet

 facet normal -0.707123101 4.70241474e-07 -0.707090497
  outer loop
  vertex -0.068028003 0.0278537553 -0.0680780038
  vertex -0.0683740005 0.0149999997 -0.0677319989
  vertex -0.068188794 0.0278845411 -0.0679172054
  endloop
 endfacet

 facet normal 0 -1 0
  outer loop
  vertex 0.111000001 0.0149999997 0.0670000017
  vertex 0.111000001 0.0149999997 0.099712342
  vertex 0.103002995 0.0149999997 0.0767500028
  endloop
 endfacet

 facet normal 0 -1 0
  outer loop
  vertex 0.111000001 0.0149999997 0.0670000017
  vertex 0.103002995 0.0149999997 0.0767500028
  vertex 0.102767996 0.0149999997 0.0758740008
  endloop
 endfacet

 facet normal 0 -1 0
  outer loop
  vertex 0.102767996 0.0149999997 0.0758740008
  vertex 0.102126002 0.0149999997 0.0752319992
  vertex 0.111000001 0.0149999997 0.0670000017
  endloop
 endfacet

 facet normal 0.258060753 -6.4696809e-07 -0.966128767
  outer loop
  vertex 0.100972436 0.0278829373 -0.0670721456
  vertex 0.10125 0.0149999997 -0.0669979975
  vertex 0.100752942 0.0278542247 -0.0671307743
  endloop
 endfacet

 facet normal 0 -1 0
  outer loop
  vertex 0.00265499996 0.0270000007 0.00499999989
  vertex 0.00257800007 0.0270000007 0.00555399992
  vertex 0.00249999994 0.0270000007 5.99520449e-18
  endloop
 endfacet

 facet normal 0 -1 0
  outer loop
  vertex 0.00249999994 0.0270000007 0.00698299985
  vertex 0.00249999994 0.0270000007 5.99520449e-18
  vertex 0.00257800007 0.0270000007 0.00555399992
  endloop
 endfacet

 facet normal 0 -1 0
  outer loop
  vertex 0.111000001 0.0149999997 0.099712342
  vertex 0.0869999975 0.0149999997 0.0930000022
  vertex 0.10125 0.0149999997 0.0785029978
  endloop
 endfacet

 facet normal 0 -1 0
  outer loop
  vertex 0.10125 0.0149999997 0.0785029978
  vertex 0.102126002 0.0149999997 0.078267999
  vertex 0.111000001 0.0149999997 0.099712342
  endloop
 endfacet

 facet normal 0 -1 0
  outer loop
  vertex 0.102767996 0.0149999997 0.0776259974
  vertex 0.103002995 0.0149999997 0.0767500028
  vertex 0.111000001 0.0149999997 0.099712342
  endloop
 endfacet

 facet normal 0 -1 0
  outer loop
  vertex 0.00265499996 0.0270000007 0.00499999989
  vertex 0.00249999994 0.0270000007 5.99520449e-18
  vertex 0.00299299997 0.0270000007 0.00291700009
  endloop
 endfacet

 facet normal 0 -1 0
  outer loop
  vertex 0.0869999975 0.0149999997 0.0670000017
  vertex 0.100373998 0.0149999997 0.0752319992
  vertex 0.0997320041 0.0149999997 0.0758740008
  endloop
 endfacet

 facet normal 0 -1 0
  outer loop
  vertex 0.0869999975 0.0149999997 0.0930000022
  vertex 0.0869999975 0.0149999997 0.0670000017
  vertex 0.0994980037 0.0149999997 0.0767500028
  endloop
 endfacet

 facet normal 0 -1 0
  outer loop
  vertex 0.0997320041 0.0149999997 0.0776259974
  vertex 0.100373998 0.0149999997 0.078267999
  vertex 0.0869999975 0.0149999997 0.0930000022
  endloop
 endfacet

 facet normal 0 -1 0
  outer loop
  vertex 0.100373998 0.0149999997 0.078267999
  vertex 0.10125 0.0149999997 0.0785029978
  vertex 0.0869999975 0.0149999997 0.0930000022
  endloop
 endfacet

 facet normal 0 -1 0
  outer loop
  vertex 0.0994980037 0.0149999997 0.0767500028
  vertex 0.0997320041 0.0149999997 0.0776259974
  vertex 0.0869999975 0.0149999997 0.0930000022
  endloop
 endfacet

 facet normal 0 -1 0
  outer loop
  vertex 0.0997320041 0.0149999997 0.0758740008
  vertex 0.0994980037 0.0149999997 0.0767500028
  vertex 0.0869999975 0.0149999997 0.0670000017
  endloop
 endfacet

 facet normal 0 -1 0
  outer loop
  vertex 0.0869999975 0.0149999997 0.0996316671
  vertex 0.0869999975 0.0149999997 0.0930000022
  vertex 0.111000001 0.0149999997 0.099712342
  endloop
 endfacet

 facet normal -0.674015582 0.446459115 -0.588538349
  outer loop
  vertex -0.068028003 0.0278537553 -0.0680780038
  vertex -0.067269057 0.0299999993 -0.0673190579
  vertex -0.0678672045 0.0278845411 -0.0682388023
  endloop
 endfacet

 facet normal 0.0561585054 0.446447849 -0.893045664
  outer loop
  vertex 0.100972436 0.0278829373 -0.0670721456
  vertex 0.100834198 0.0299999993 -0.0660224855
  vertex 0.101199999 0.0279759262 -0.0670113489
  endloop
 endfacet

 facet normal 0 -1 0
  outer loop
  vertex 0.016384 0.0270000007 0.0149999997
  vertex 0.0153970001 0.0270000007 0.012143
  vertex 0.0165270008 0.0270000007 0.012143
  endloop
 endfacet

 facet normal 0 -1 0
  outer loop
  vertex 0.016384 0.0270000007 0.0119143361
  vertex 0.0165270008 0.0270000007 0.012143
  vertex 0.0153970001 0.0270000007 0.012143
  endloop
 endfacet

 facet normal 0 -1 0
  outer loop
  vertex 0.0158159994 0.0270000007 0.0114729991
  vertex 0.0161080007 0.0270000007 0.0114729991
  vertex 0.0153970001 0.0270000007 0.012143
  endloop
 endfacet

 facet normal 0 -1 0
  outer loop
  vertex 0.016384 0.0270000007 0.0119143361
  vertex 0.0153970001 0.0270000007 0.012143
  vertex 0.0161080007 0.0270000007 0.0114729991
  endloop
 endfacet

 facet normal -0.707106769 -4.07880805e-07 -0.707106769
  outer loop
  vertex -0.0678672045 0.0278845411 -0.0682388023
  vertex -0.0677319989 0.0149999997 -0.0683740005
  vertex -0.068028003 0.0278537553 -0.0680780038
  endloop
 endfacet

 facet normal 0.965854883 -3.26601715e-08 -0.25908345
  outer loop
  vertex -0.0705029964 0.0149999997 0.0772499964
  vertex -0.0704578385 0.027741719 0.0774183422
  vertex -0.0704013631 0.0277137067 0.0776288807
  endloop
 endfacet

 facet normal 0 -1 0
  outer loop
  vertex 0.0128030004 0.0270000007 0.014347
  vertex 0.0138599994 0.0270000007 0.0136780003
  vertex 0.016384 0.0270000007 0.0149999997
  endloop
 endfacet

 facet normal 0 -1 0
  outer loop
  vertex 0.0153970001 0.0270000007 0.012143
  vertex 0.016384 0.0270000007 0.0149999997
  vertex 0.0147349993 0.0270000007 0.01291
  endloop
 endfacet

 facet normal 0 -1 0
  outer loop
  vertex 0.0147349993 0.0270000007 0.01291
  vertex 0.016384 0.0270000007 0.0149999997
  vertex 0.0138599994 0.0270000007 0.0136780003
  endloop
 endfacet

 facet normal 0 -1 0
  outer loop
  vertex 0.0102589997 0.0270000007 0.0149999997
  vertex 0.011593 0.0270000007 0.0148200002
  vertex 0.016384 0.0270000007 0.0149999997
  endloop
 endfacet

 facet normal 0 -1 0
  outer loop
  vertex 0.0128030004 0.0270000007 0.014347
  vertex 0.016384 0.0270000007 0.0149999997
  vertex 0.011593 0.0270000007 0.0148200002
  endloop
 endfacet

 facet normal -0.258082002 -3.75040372e-07 -0.966123044
  outer loop
  vertex 0.10125 0.0149999997 -0.0669979975
  vertex 0.101653732 0.0279058423 -0.0671058521
  vertex 0.102126002 0.0149999997 -0.0672320053
  endloop
 endfacet

 facet normal -0.258074969 -6.10241045e-07 -0.966124892
  outer loop
  vertex 0.10143096 0.0279349796 -0.0670463443
  vertex 0.101653732 0.0279058423 -0.0671058521
  vertex 0.10125 0.0149999997 -0.0669979975
  endloop
 endfacet

 facet normal -0.258046389 1.02256547e-06 -0.966132581
  outer loop
  vertex 0.10187681 0.0279367156 -0.0671654344
  vertex 0.102126002 0.0149999997 -0.0672320053
  vertex 0.101653732 0.0279058423 -0.0671058521
  endloop
 endfacet

 facet normal 0.0561334342 0.446446031 0.893048167
  outer loop
  vertex 0.100997888 0.0274932608 0.0750653446
  vertex 0.101199999 0.0275758561 0.0750113502
  vertex 0.100834198 0.0299999993 0.0738224834
  endloop
 endfacet

 facet normal -0.743798614 0.446414292 -0.497471571
  outer loop
  vertex -0.0670281872 0.0299999993 -0.0675949082
  vertex -0.0668243021 0.0299999993 -0.0678997487
  vertex -0.0677319989 0.0279591363 -0.0683740005
  endloop
 endfacet

 facet normal -0.743773878 0.446418405 -0.49750483
  outer loop
  vertex -0.0678672045 0.0278845411 -0.0682388023
  vertex -0.0670281872 0.0299999993 -0.0675949082
  vertex -0.0677319989 0.0279591363 -0.0683740005
  endloop
 endfacet

 facet normal 0 1 0
  outer loop
  vertex 0.102271423 0.0299999993 0.0791876167
  vertex 0.101924613 0.0299999993 0.0793055519
  vertex 0.131999999 0.0299999993 0.0987808332
  endloop
 endfacet

 facet normal 0.175969571 0.446475565 0.877322197
  outer loop
  vertex 0.100475386 0.0299999993 0.0738944486
  vertex 0.100802936 0.0274677612 0.0751174241
  vertex 0.100997888 0.0274932608 0.0750653446
  endloop
 endfacet

 facet normal 0.175960407 0.446474731 0.877324522
  outer loop
  vertex 0.100475386 0.0299999993 0.0738944486
  vertex 0.100997888 0.0274932608 0.0750653446
  vertex 0.100834198 0.0299999993 0.0738224834
  endloop
 endfacet

 facet normal 0 -1 0
  outer loop
  vertex 0.0102589997 0.0270000007 0.0149999997
  vertex 0.00249999994 0.0270000007 0.0149999997
  vertex 0.00684499973 0.0270000007 0.0144459996
  endloop
 endfacet

 facet normal 0.258070409 6.01496708e-07 -0.966126144
  outer loop
  vertex 0.10053315 0.0278846454 -0.0671894848
  vertex 0.100752942 0.0278542247 -0.0671307743
  vertex 0.100373998 0.0149999997 -0.0672320053
  endloop
 endfacet

 facet normal 0.258111268 5.20508763e-07 -0.966115177
  outer loop
  vertex 0.101199999 0.0279759262 -0.0670113489
  vertex 0.10125 0.0149999997 -0.0669979975
  vertex 0.100972436 0.0278829373 -0.0670721456
  endloop
 endfacet

 facet normal 0.257985175 0 -0.966148853
  outer loop
  vertex 0.10125 0.0280089285 -0.0669979975
  vertex 0.10125 0.0149999997 -0.0669979975
  vertex 0.101199999 0.0279759262 -0.0670113489
  endloop
 endfacet

 facet normal -0.25909251 -9.82809567e-09 0.965852499
  outer loop
  vertex -0.069033362 0.027715588 -0.0709448829
  vertex -0.0692500025 0.0149999997 -0.0710029975
  vertex -0.06882447 0.0276877955 -0.0708888471
  endloop
 endfacet

 facet normal 0 -1 0
  outer loop
  vertex 0.00684499973 0.0270000007 0.0144459996
  vertex 0.00249999994 0.0270000007 0.0149999997
  vertex 0.00459499983 0.0270000007 0.0130170006
  endloop
 endfacet

 facet normal 0.28808409 0.446421474 0.847180963
  outer loop
  vertex 0.100128569 0.0299999993 0.0740123838
  vertex 0.100607723 0.0274947807 0.0751695707
  vertex 0.100475386 0.0299999993 0.0738944486
  endloop
 endfacet

 facet normal 0 -1 0
  outer loop
  vertex 0.00459499983 0.0270000007 0.0130170006
  vertex 0.00249999994 0.0270000007 0.0149999997
  vertex 0.00327600003 0.0270000007 0.0110640004
  endloop
 endfacet

 facet normal 0 1 0
  outer loop
  vertex 0.102905087 0.0299999993 0.0788218081
  vertex 0.102600247 0.0299999993 0.0790257007
  vertex 0.131999999 0.0299999993 0.0987808332
  endloop
 endfacet

 facet normal 0 1 0
  outer loop
  vertex 0.102600247 0.0299999993 0.0790257007
  vertex 0.102271423 0.0299999993 0.0791876167
  vertex 0.131999999 0.0299999993 0.0987808332
  endloop
 endfacet

 facet normal 0 -1 0
  outer loop
  vertex 0.00249999994 0.0270000007 0.00698299985
  vertex 0.00265499996 0.0270000007 0.00893600006
  vertex 0.00249999994 0.0270000007 0.0149999997
  endloop
 endfacet

 facet normal 0 -1 0
  outer loop
  vertex 0.00327600003 0.0270000007 0.0110640004
  vertex 0.00249999994 0.0270000007 0.0149999997
  vertex 0.00265499996 0.0270000007 0.00893600006
  endloop
 endfacet

 facet normal -0.707087278 0 -0.707126319
  outer loop
  vertex -0.0677319989 0.0279591363 -0.0683740005
  vertex -0.0677319989 0.0149999997 -0.0683740005
  vertex -0.0678672045 0.0278845411 -0.0682388023
  endloop
 endfacet

 facet normal -0.877324462 0.446475923 -0.175957665
  outer loop
  vertex -0.0671058521 0.0279058423 0.0776537359
  vertex -0.0660944507 0.0299999993 0.0779246166
  vertex -0.0670463443 0.0279349796 0.0774309635
  endloop
 endfacet

 facet normal 0.497505903 0.446415782 0.743774772
  outer loop
  vertex 0.100247353 0.0275278986 0.0753586516
  vertex 0.100373998 0.0275977757 0.0752319992
  vertex 0.0994949117 0.0299999993 0.0743781924
  endloop
 endfacet

 facet normal 0 -1 0
  outer loop
  vertex 0.0159619991 0.0270000007 0.0109999999
  vertex 0.0160115045 0.0270000007 0.0111603802
  vertex 0.0158159994 0.0270000007 0.0114729991
  endloop
 endfacet

 facet normal 0 -1 0
  outer loop
  vertex 0.0161080007 0.0270000007 0.0114729991
  vertex 0.0158159994 0.0270000007 0.0114729991
  vertex 0.0160115045 0.0270000007 0.0111603802
  endloop
 endfacet

 facet normal -0.175957665 0.446475923 -0.877324462
  outer loop
  vertex 0.101653732 0.0279058423 -0.0671058521
  vertex 0.10143096 0.0279349796 -0.0670463443
  vertex 0.101924613 0.0299999993 -0.0660944507
  endloop
 endfacet

 facet normal -0.966124952 -4.61860765e-07 -0.258074969
  outer loop
  vertex -0.0670463443 0.0279349796 0.0774309635
  vertex -0.0669979975 0.0149999997 0.0772499964
  vertex -0.0671058521 0.0279058423 0.0776537359
  endloop
 endfacet

 facet normal 0.627601445 -2.86822399e-07 -0.77853477
  outer loop
  vertex 0.0159619991 0.026899999 -0.0109999999
  vertex 0.0190930013 0.0270000007 -0.00847600028
  vertex 0.0190930013 0.026899999 -0.00847600028
  endloop
 endfacet

 facet normal 0 1 0
  outer loop
  vertex 0.103421815 0.0299999993 0.0783050805
  vertex 0.131999999 0.0299999993 0.0987808332
  vertex 0.1036257 0.0299999993 0.0780002549
  endloop
 endfacet

 facet normal -0.28809008 0.446418405 -0.847180367
  outer loop
  vertex 0.102271423 0.0299999993 -0.0662123859
  vertex 0.10187681 0.0279367156 -0.0671654344
  vertex 0.101924613 0.0299999993 -0.0660944507
  endloop
 endfacet

 facet normal 0.651364803 0 -0.758764744
  outer loop
  vertex 0.0219260007 0.0270000007 -0.00604399992
  vertex 0.0219260007 0.026899999 -0.00604399992
  vertex 0.0190930013 0.026899999 -0.00847600028
  endloop
 endfacet

 facet normal 0.651364803 -1.53572756e-07 -0.758764744
  outer loop
  vertex 0.0219260007 0.0270000007 -0.00604399992
  vertex 0.0190930013 0.026899999 -0.00847600028
  vertex 0.0190930013 0.0270000007 -0.00847600028
  endloop
 endfacet

 facet normal 0.689721286 0 -0.72407496
  outer loop
  vertex 0.0243919995 0.0270000007 -0.00369499996
  vertex 0.0243919995 0.026899999 -0.00369499996
  vertex 0.0219260007 0.026899999 -0.00604399992
  endloop
 endfacet

 facet normal 0.689721286 2.87162067e-07 -0.72407496
  outer loop
  vertex 0.0243919995 0.0270000007 -0.00369499996
  vertex 0.0219260007 0.026899999 -0.00604399992
  vertex 0.0219260007 0.0270000007 -0.00604399992
  endloop
 endfacet

 facet normal -0.80278343 0.446413875 -0.395289183
  outer loop
  vertex -0.0668243021 0.0299999993 -0.0678997487
  vertex -0.0666623861 0.0299999993 -0.0682285801
  vertex -0.0677204877 0.0279303025 -0.0684170872
  endloop
 endfacet

 facet normal -0.259093016 0 0.96585238
  outer loop
  vertex -0.0692500025 0.0278033931 -0.0710029975
  vertex -0.0692500025 0.0149999997 -0.0710029975
  vertex -0.069033362 0.027715588 -0.0709448829
  endloop
 endfacet

 facet normal 0.745052516 5.89936519e-07 -0.667005956
  outer loop
  vertex 0.0243919995 0.0270000007 -0.00369499996
  vertex 0.0264260005 0.0270000007 -0.00142300001
  vertex 0.0264260005 0.026899999 -0.00142300001
  endloop
 endfacet

 facet normal 0.745052516 0 -0.667005956
  outer loop
  vertex 0.0243919995 0.0270000007 -0.00369499996
  vertex 0.0264260005 0.026899999 -0.00142300001
  vertex 0.0243919995 0.026899999 -0.00369499996
  endloop
 endfacet

 facet normal -0.966115654 0 -0.258109748
  outer loop
  vertex -0.0677319989 0.0149999997 -0.0683740005
  vertex -0.0677319989 0.0279591363 -0.0683740005
  vertex -0.0677204877 0.0279303025 -0.0684170872
  endloop
 endfacet

 facet normal -0.966123223 1.01567565e-07 -0.258081257
  outer loop
  vertex -0.0677319989 0.0149999997 -0.0683740005
  vertex -0.0677204877 0.0279303025 -0.0684170872
  vertex -0.0676604509 0.0278392509 -0.068641834
  endloop
 endfacet

 facet normal -0.893045902 0.446448267 -0.0561515316
  outer loop
  vertex -0.0670463443 0.0279349796 0.0774309635
  vertex -0.0660224855 0.0299999993 0.0775658041
  vertex -0.0669979975 0.0280089285 0.0772499964
  endloop
 endfacet

 facet normal -0.893048167 0.44644624 -0.0561315492
  outer loop
  vertex -0.0660224855 0.0299999993 0.0775658041
  vertex -0.065999493 0.0299999993 0.0771999955
  vertex -0.0669979975 0.0280089285 0.0772499964
  endloop
 endfacet

 facet normal 0.743788064 0.446415782 0.497485995
  outer loop
  vertex 0.0999586508 0.0275278986 0.0756473467
  vertex 0.0989781842 0.0299999993 0.0748949125
  vertex 0.0998089761 0.0276104789 0.0757970214
  endloop
 endfacet

 facet normal 0.820228577 0 -0.572035968
  outer loop
  vertex 0.0264260005 0.0270000007 -0.00142300001
  vertex 0.0279610008 0.0270000007 0.000777999987
  vertex 0.0264260005 0.026899999 -0.00142300001
  endloop
 endfacet

 facet normal 0 1 0
  outer loop
  vertex 0.0989781842 0.0299999993 0.0783050805
  vertex 0.098774299 0.0299999993 0.0780002549
  vertex -0.0716030002 0.0299999993 0.0980964229
  endloop
 endfacet

 facet normal 0.820228577 -2.14921783e-07 -0.572035968
  outer loop
  vertex 0.0264260005 0.026899999 -0.00142300001
  vertex 0.0279610008 0.0270000007 0.000777999987
  vertex 0.0279610008 0.026899999 0.000777999987
  endloop
 endfacet

 facet normal -0.966116667 0 -0.258105785
  outer loop
  vertex -0.0669979975 0.0280089285 0.0772499964
  vertex -0.0669979975 0.0149999997 0.0772499964
  vertex -0.0670463443 0.0279349796 0.0774309635
  endloop
 endfacet

 facet normal 0.910730958 0 -0.413000286
  outer loop
  vertex 0.0289309993 0.0270000007 0.00291700009
  vertex 0.0289309993 0.026899999 0.00291700009
  vertex 0.0279610008 0.026899999 0.000777999987
  endloop
 endfacet

 facet normal 0.910730958 3.97655739e-08 -0.413000286
  outer loop
  vertex 0.0289309993 0.0270000007 0.00291700009
  vertex 0.0279610008 0.026899999 0.000777999987
  vertex 0.0279610008 0.0270000007 0.000777999987
  endloop
 endfacet

 facet normal 0 1 0
  outer loop
  vertex 0.0992190614 0.0299999993 0.0785809383
  vertex 0.0989781842 0.0299999993 0.0783050805
  vertex -0.0716030002 0.0299999993 0.0980964229
  endloop
 endfacet

 facet normal 0.987089336 0 -0.160170704
  outer loop
  vertex 0.0292689987 0.0270000007 0.00499999989
  vertex 0.0292689987 0.026899999 0.00499999989
  vertex 0.0289309993 0.026899999 0.00291700009
  endloop
 endfacet

 facet normal 0.987089336 -1.06996026e-07 -0.160170704
  outer loop
  vertex 0.0292689987 0.0270000007 0.00499999989
  vertex 0.0289309993 0.026899999 0.00291700009
  vertex 0.0289309993 0.0270000007 0.00291700009
  endloop
 endfacet

 facet normal 0.990233064 0 -0.139422655
  outer loop
  vertex 0.0293470006 0.0270000007 0.00555399992
  vertex 0.0293470006 0.026899999 0.00555399992
  vertex 0.0292689987 0.026899999 0.00499999989
  endloop
 endfacet

 facet normal 0.990233064 -1.5596191e-08 -0.139422655
  outer loop
  vertex 0.0293470006 0.0270000007 0.00555399992
  vertex 0.0292689987 0.026899999 0.00499999989
  vertex 0.0292689987 0.0270000007 0.00499999989
  endloop
 endfacet

 facet normal 0 1 0
  outer loop
  vertex 0.0994949117 0.0299999993 0.0788218081
  vertex 0.0992190614 0.0299999993 0.0785809383
  vertex -0.0716030002 0.0299999993 0.0980964229
  endloop
 endfacet

 facet normal 0.998551488 0 -0.0538057052
  outer loop
  vertex 0.0294240005 0.0270000007 0.00698299985
  vertex 0.0294240005 0.026899999 0.00698299985
  vertex 0.0293470006 0.026899999 0.00555399992
  endloop
 endfacet

 facet normal 0.998551488 -8.69121131e-09 -0.0538057052
  outer loop
  vertex 0.0294240005 0.0270000007 0.00698299985
  vertex 0.0293470006 0.026899999 0.00555399992
  vertex 0.0293470006 0.0270000007 0.00555399992
  endloop
 endfacet

 facet normal -0.847184837 0.44641912 -0.288076103
  outer loop
  vertex -0.0665444508 0.0299999993 -0.0685753897
  vertex -0.0676025078 0.027809225 -0.0688587651
  vertex -0.0676604509 0.0278392509 -0.068641834
  endloop
 endfacet

 facet normal -0.847180843 0.446417451 -0.288090259
  outer loop
  vertex -0.0665444508 0.0299999993 -0.0685753897
  vertex -0.0676604509 0.0278392509 -0.068641834
  vertex -0.0666623861 0.0299999993 -0.0682285801
  endloop
 endfacet

 facet normal 0 0 -1
  outer loop
  vertex -0.0790000036 0.0149999997 0.0670000017
  vertex -0.0799999982 0.0270000007 0.0670000017
  vertex -0.0549999997 0.0270000007 0.0670000017
  endloop
 endfacet

 facet normal -0.966148853 0 0.257985175
  outer loop
  vertex -0.0669979975 0.0149999997 0.0772499964
  vertex -0.0669979975 0.0280089285 0.0772499964
  vertex -0.0670113489 0.0279759262 0.0771999955
  endloop
 endfacet

 facet normal -0.966115177 5.20508877e-07 0.258111268
  outer loop
  vertex -0.0669979975 0.0149999997 0.0772499964
  vertex -0.0670113489 0.0279759262 0.0771999955
  vertex -0.0670721456 0.0278829373 0.0769724324
  endloop
 endfacet

 facet normal 0.996865392 0 0.0791172609
  outer loop
  vertex 0.0292689987 0.0270000007 0.00893600006
  vertex 0.0292689987 0.026899999 0.00893600006
  vertex 0.0294240005 0.026899999 0.00698299985
  endloop
 endfacet

 facet normal 0.996865392 -5.80845985e-08 0.0791172609
  outer loop
  vertex 0.0292689987 0.0270000007 0.00893600006
  vertex 0.0294240005 0.026899999 0.00698299985
  vertex 0.0294240005 0.0270000007 0.00698299985
  endloop
 endfacet

 facet normal -0.96612972 6.40589917e-07 -0.258057207
  outer loop
  vertex -0.0676604509 0.0278392509 -0.068641834
  vertex -0.0676025078 0.027809225 -0.0688587651
  vertex -0.0677319989 0.0149999997 -0.0683740005
  endloop
 endfacet

 facet normal 0 0 -1
  outer loop
  vertex -0.0790000036 0.0149999997 0.0670000017
  vertex -0.0549999997 0.0270000007 0.0670000017
  vertex -0.0549999997 0.0149999997 0.0670000017
  endloop
 endfacet

 facet normal 0 1 0
  outer loop
  vertex 0.0994949117 0.0299999993 0.0788218081
  vertex -0.0716030002 0.0299999993 0.0980964229
  vertex 0.0997997522 0.0299999993 0.0790257007
  endloop
 endfacet

 facet normal 0 1 0
  outer loop
  vertex 0.100128569 0.0299999993 0.0791876167
  vertex 0.0997997522 0.0299999993 0.0790257007
  vertex -0.0716030002 0.0299999993 0.0980964229
  endloop
 endfacet

 facet normal 0.959959745 -1.24924014e-07 0.280137867
  outer loop
  vertex 0.0292689987 0.0270000007 0.00893600006
  vertex 0.0286480002 0.0270000007 0.0110640004
  vertex 0.0286480002 0.026899999 0.0110640004
  endloop
 endfacet

 facet normal 0.959959745 0 0.280137867
  outer loop
  vertex 0.0292689987 0.0270000007 0.00893600006
  vertex 0.0286480002 0.026899999 0.0110640004
  vertex 0.0292689987 0.026899999 0.00893600006
  endloop
 endfacet

 facet normal 0 1 0
  outer loop
  vertex 0.100475386 0.0299999993 0.0793055519
  vertex 0.100128569 0.0299999993 0.0791876167
  vertex -0.0716030002 0.0299999993 0.0980964229
  endloop
 endfacet

 facet normal 0 1 0
  outer loop
  vertex -0.0716030002 0.0299999993 0.0980964229
  vertex 0.131999999 0.0299999993 0.0987808332
  vertex 0.100475386 0.0299999993 0.0793055519
  endloop
 endfacet

 facet normal 0 1 0
  outer loop
  vertex 0.100834198 0.0299999993 0.0793775097
  vertex 0.100475386 0.0299999993 0.0793055519
  vertex 0.131999999 0.0299999993 0.0987808332
  endloop
 endfacet

 facet normal -0.877326429 0.44647342 -0.175954029
  outer loop
  vertex -0.0665444508 0.0299999993 -0.0685753897
  vertex -0.0675446391 0.0278375633 -0.0690753981
  vertex -0.0676025078 0.027809225 -0.0688587651
  endloop
 endfacet

 facet normal 0 0 -1
  outer loop
  vertex -0.0799999982 0.0270000007 0.0670000017
  vertex -0.0790000036 0.0149999997 0.0670000017
  vertex -0.0799999982 0.0149999997 0.0670000017
  endloop
 endfacet

 facet normal 0 1 0
  outer loop
  vertex 0.103787616 0.0299999993 -0.067728579
  vertex 0.1036257 0.0299999993 -0.0673997477
  vertex 0.102905087 0.0299999993 0.0743781924
  endloop
 endfacet

 facet normal -0.966122508 1.69718689e-07 0.258084059
  outer loop
  vertex -0.0672320053 0.0149999997 0.0763740018
  vertex -0.0669979975 0.0149999997 0.0772499964
  vertex -0.0671307743 0.0278542247 0.0767529458
  endloop
 endfacet

 facet normal 0.828705966 -4.64167833e-08 0.559684277
  outer loop
  vertex 0.0286480002 0.0270000007 0.0110640004
  vertex 0.0273289997 0.0270000007 0.0130170006
  vertex 0.0273289997 0.026899999 0.0130170006
  endloop
 endfacet

 facet normal 0.828705966 0 0.559684277
  outer loop
  vertex 0.0286480002 0.0270000007 0.0110640004
  vertex 0.0273289997 0.026899999 0.0130170006
  vertex 0.0286480002 0.026899999 0.0110640004
  endloop
 endfacet

 facet normal 0 0 -1
  outer loop
  vertex -0.0799999982 0.0140030002 0.0670000017
  vertex -0.0799999982 0.0149999997 0.0670000017
  vertex -0.0790664703 0.0140030002 0.0670000017
  endloop
 endfacet

 facet normal 0 0 -1
  outer loop
  vertex -0.0790000036 0.0149999997 0.0670000017
  vertex -0.0790664703 0.0140030002 0.0670000017
  vertex -0.0799999982 0.0149999997 0.0670000017
  endloop
 endfacet

 facet normal 0 1 0
  outer loop
  vertex 0.103421815 0.0299999993 -0.0670949072
  vertex 0.103180937 0.0299999993 -0.0668190643
  vertex 0.102905087 0.0299999993 0.0743781924
  endloop
 endfacet

 facet normal 0 1 0
  outer loop
  vertex 0.1036257 0.0299999993 -0.0673997477
  vertex 0.103421815 0.0299999993 -0.0670949072
  vertex 0.102905087 0.0299999993 0.0743781924
  endloop
 endfacet

 facet normal 0.53612268 2.09769524e-07 0.844140172
  outer loop
  vertex 0.0273289997 0.0270000007 0.0130170006
  vertex 0.0250790007 0.0270000007 0.0144459996
  vertex 0.0250790007 0.026899999 0.0144459996
  endloop
 endfacet

 facet normal 0.53612268 0 0.844140172
  outer loop
  vertex 0.0273289997 0.0270000007 0.0130170006
  vertex 0.0250790007 0.026899999 0.0144459996
  vertex 0.0273289997 0.026899999 0.0130170006
  endloop
 endfacet

 facet normal 0 0 -1
  outer loop
  vertex 0.111000001 0.0149999997 0.0670000017
  vertex 0.112000003 0.0149999997 0.0670000017
  vertex 0.111066468 0.0140030002 0.0670000017
  endloop
 endfacet

 facet normal 0 0 -1
  outer loop
  vertex 0.112000003 0.0140030002 0.0670000017
  vertex 0.111066468 0.0140030002 0.0670000017
  vertex 0.112000003 0.0149999997 0.0670000017
  endloop
 endfacet

 facet normal 0 0 -1
  outer loop
  vertex 0.0869999975 0.0270000007 0.0670000017
  vertex 0.112000003 0.0270000007 0.0670000017
  vertex 0.111000001 0.0149999997 0.0670000017
  endloop
 endfacet

 facet normal 0.160177797 -1.56007545e-07 0.987088203
  outer loop
  vertex 0.0250790007 0.0270000007 0.0144459996
  vertex 0.0216650013 0.0270000007 0.0149999997
  vertex 0.0216650013 0.026899999 0.0149999997
  endloop
 endfacet

 facet normal 0.160177797 0 0.987088203
  outer loop
  vertex 0.0250790007 0.0270000007 0.0144459996
  vertex 0.0216650013 0.026899999 0.0149999997
  vertex 0.0250790007 0.026899999 0.0144459996
  endloop
 endfacet

 facet normal 0.743804216 0.446415842 -0.497461736
  outer loop
  vertex 0.0998454913 0.0278132129 -0.0677605048
  vertex 0.0997320041 0.0278758295 -0.0678739995
  vertex 0.0989781842 0.0299999993 -0.0670949072
  endloop
 endfacet

 facet normal 0 1 0
  outer loop
  vertex 0.102600247 0.0299999993 0.0741742998
  vertex 0.102905087 0.0299999993 0.0743781924
  vertex 0.102905087 0.0299999993 -0.066578187
  endloop
 endfacet

 facet normal -0.133818865 0 0.991005838
  outer loop
  vertex 0.0216650013 0.026899999 0.0149999997
  vertex 0.0216650013 0.0270000007 0.0149999997
  vertex 0.0203320011 0.0270000007 0.0148200002
  endloop
 endfacet

 facet normal -0.133818865 8.16343082e-09 0.991005838
  outer loop
  vertex 0.0216650013 0.026899999 0.0149999997
  vertex 0.0203320011 0.0270000007 0.0148200002
  vertex 0.0203320011 0.026899999 0.0148200002
  endloop
 endfacet

 facet normal -0.847184658 0.44641912 0.28807649
  outer loop
  vertex -0.0671307743 0.0278542247 0.0767529458
  vertex -0.0660944507 0.0299999993 0.0764753893
  vertex -0.0671894848 0.0278846454 0.0765331462
  endloop
 endfacet

 facet normal -0.363819212 1.37804534e-07 0.931469619
  outer loop
  vertex 0.0203320011 0.0270000007 0.0148200002
  vertex 0.0191210005 0.0270000007 0.014347
  vertex 0.0191210005 0.026899999 0.014347
  endloop
 endfacet

 facet normal -0.363819212 0 0.931469619
  outer loop
  vertex 0.0203320011 0.0270000007 0.0148200002
  vertex 0.0191210005 0.026899999 0.014347
  vertex 0.0203320011 0.026899999 0.0148200002
  endloop
 endfacet

 facet normal 0 0 -1
  outer loop
  vertex 0.112000003 0.0149999997 0.0670000017
  vertex 0.111000001 0.0149999997 0.0670000017
  vertex 0.112000003 0.0270000007 0.0670000017
  endloop
 endfacet

 facet normal -0.96612829 8.58432827e-07 0.258062243
  outer loop
  vertex -0.0671894848 0.0278846454 0.0765331462
  vertex -0.0672320053 0.0149999997 0.0763740018
  vertex -0.0671307743 0.0278542247 0.0767529458
  endloop
 endfacet

 facet normal -0.534804404 9.91373312e-08 0.844975889
  outer loop
  vertex 0.0191210005 0.0270000007 0.014347
  vertex 0.0180639997 0.0270000007 0.0136780003
  vertex 0.0180639997 0.026899999 0.0136780003
  endloop
 endfacet

 facet normal -0.534804404 0 0.844975889
  outer loop
  vertex 0.0191210005 0.0270000007 0.014347
  vertex 0.0180639997 0.026899999 0.0136780003
  vertex 0.0191210005 0.026899999 0.014347
  endloop
 endfacet

 facet normal -0.893046558 0.446440637 -0.0562025085
  outer loop
  vertex -0.0664495006 0.0299999993 -0.0693000033
  vertex -0.0675113499 0.0278759077 -0.0693000033
  vertex -0.0674979985 0.0279089101 -0.0692500025
  endloop
 endfacet

 facet normal -0.893048704 0.446445823 -0.0561263114
  outer loop
  vertex -0.0675446391 0.0278375633 -0.0690753981
  vertex -0.0664724857 0.0299999993 -0.0689341947
  vertex -0.0674979985 0.0279089101 -0.0692500025
  endloop
 endfacet

 facet normal -0.659659445 -8.98161687e-08 0.751564682
  outer loop
  vertex 0.0180639997 0.0270000007 0.0136780003
  vertex 0.0171889998 0.0270000007 0.01291
  vertex 0.0171889998 0.026899999 0.01291
  endloop
 endfacet

 facet normal -0.659659445 0 0.751564682
  outer loop
  vertex 0.0180639997 0.0270000007 0.0136780003
  vertex 0.0171889998 0.026899999 0.01291
  vertex 0.0180639997 0.026899999 0.0136780003
  endloop
 endfacet

 facet normal 0 0 -1
  outer loop
  vertex 0.0869999975 0.0270000007 0.0670000017
  vertex 0.111000001 0.0149999997 0.0670000017
  vertex 0.0869999975 0.0149999997 0.0670000017
  endloop
 endfacet

 facet normal -0.757023275 0 0.653388023
  outer loop
  vertex 0.0165270008 0.0270000007 0.012143
  vertex 0.0165270008 0.026899999 0.012143
  vertex 0.0171889998 0.026899999 0.01291
  endloop
 endfacet

 facet normal -0.757023275 2.21344166e-07 0.653388023
  outer loop
  vertex 0.0165270008 0.0270000007 0.012143
  vertex 0.0171889998 0.026899999 0.01291
  vertex 0.0171889998 0.0270000007 0.01291
  endloop
 endfacet

 facet normal 0 1 0
  outer loop
  vertex 0.0997997522 0.0299999993 0.0741742998
  vertex 0.0294240005 0.0299999993 -0.0109999999
  vertex 0.0994949117 0.0299999993 0.0743781924
  endloop
 endfacet

 facet normal -0.966125131 -5.54282593e-08 -0.258074313
  outer loop
  vertex -0.0674979985 0.0149999997 -0.0692500025
  vertex -0.0677319989 0.0149999997 -0.0683740005
  vertex -0.0676025078 0.027809225 -0.0688587651
  endloop
 endfacet

 facet normal -0.966125369 0 -0.258073151
  outer loop
  vertex -0.0674979985 0.0279089101 -0.0692500025
  vertex -0.0674979985 0.0149999997 -0.0692500025
  vertex -0.0675446391 0.0278375633 -0.0690753981
  endloop
 endfacet

 facet normal 0 -1 0
  outer loop
  vertex -0.0549999997 0.0270000007 0.0670000017
  vertex 0.00249999994 0.0270000007 0.0149999997
  vertex 0.0869999975 0.0270000007 0.0930000022
  endloop
 endfacet

 facet normal 0 -1 0
  outer loop
  vertex -0.0549999997 0.0270000007 0.0670000017
  vertex 0.0869999975 0.0270000007 0.0930000022
  vertex -0.0549999997 0.0270000007 0.0930000022
  endloop
 endfacet

 facet normal -0.847855091 0 0.530228019
  outer loop
  vertex 0.0165270008 0.026899999 0.012143
  vertex 0.0165270008 0.0270000007 0.012143
  vertex 0.016384 0.0270000007 0.0119143361
  endloop
 endfacet

 facet normal 0 1 0
  outer loop
  vertex 0.0992190614 0.0299999993 0.0746190622
  vertex 0.0294240005 0.0299999993 -0.0109999999
  vertex 0.0989781842 0.0299999993 0.0748949125
  endloop
 endfacet

 facet normal -0.802758873 0.446412086 0.395341009
  outer loop
  vertex -0.0671894848 0.0278846454 0.0765331462
  vertex -0.0662123859 0.0299999993 0.0761285722
  vertex -0.0672320053 0.0279491208 0.0763740018
  endloop
 endfacet

 facet normal 0 1 0
  outer loop
  vertex 0.098774299 0.0299999993 0.075199753
  vertex 0.0989781842 0.0299999993 0.0748949125
  vertex 0.0294240005 0.0299999993 -0.0109999999
  endloop
 endfacet

 facet normal 0 -1 0
  outer loop
  vertex 0.0102589997 0.0270000007 0.0149999997
  vertex 0.016384 0.0270000007 0.0149999997
  vertex 0.0869999975 0.0270000007 0.0930000022
  endloop
 endfacet

 facet normal 0.288084418 0.44641909 -0.847182035
  outer loop
  vertex 0.10053315 0.0278846454 -0.0671894848
  vertex 0.100128569 0.0299999993 -0.0662123859
  vertex 0.100475386 0.0299999993 -0.0660944507
  endloop
 endfacet

 facet normal 0 1 0
  outer loop
  vertex 0.0986123905 0.0299999993 0.0755285695
  vertex 0.098774299 0.0299999993 0.075199753
  vertex 0.0294240005 0.0299999993 -0.0109999999
  endloop
 endfacet

 facet normal 0 0 -1
  outer loop
  vertex -0.0549999997 0.0270000007 0.0930000022
  vertex 0.0869999975 0.0270000007 0.0930000022
  vertex -0.0549999997 0.0149999997 0.0930000022
  endloop
 endfacet

 facet normal -0.745052576 0 -0.667005718
  outer loop
  vertex 0.00753200008 0.0270000007 -0.00369499996
  vertex 0.00753200008 0.026899999 -0.00369499996
  vertex 0.00549799995 0.026899999 -0.00142300001
  endloop
 endfacet

 facet normal -0.745052576 3.83913033e-07 -0.667005718
  outer loop
  vertex 0.00753200008 0.0270000007 -0.00369499996
  vertex 0.00549799995 0.026899999 -0.00142300001
  vertex 0.00549799995 0.0270000007 -0.00142300001
  endloop
 endfacet

 facet normal -0.802785218 0.446417928 0.395280808
  outer loop
  vertex -0.0662123859 0.0299999993 0.0761285722
  vertex -0.0663742945 0.0299999993 0.0757997483
  vertex -0.0672320053 0.0279491208 0.0763740018
  endloop
 endfacet

 facet normal 0 0 -1
  outer loop
  vertex 0.0869999975 0.0149999997 0.0930000022
  vertex -0.0549999997 0.0149999997 0.0930000022
  vertex 0.0869999975 0.0270000007 0.0930000022
  endloop
 endfacet

 facet normal -0.689574599 0 -0.724214733
  outer loop
  vertex 0.00999899954 0.0270000007 -0.00604399992
  vertex 0.00999899954 0.026899999 -0.00604399992
  vertex 0.00753200008 0.026899999 -0.00369499996
  endloop
 endfacet

 facet normal -0.689574599 -4.91256628e-07 -0.724214733
  outer loop
  vertex 0.00999899954 0.0270000007 -0.00604399992
  vertex 0.00753200008 0.026899999 -0.00369499996
  vertex 0.00753200008 0.0270000007 -0.00369499996
  endloop
 endfacet

 facet normal 0.175960198 0.446475595 -0.877324045
  outer loop
  vertex 0.100972436 0.0278829373 -0.0670721456
  vertex 0.100475386 0.0299999993 -0.0660944507
  vertex 0.100834198 0.0299999993 -0.0660224855
  endloop
 endfacet

 facet normal -0.651496947 0 -0.758651316
  outer loop
  vertex 0.0128310006 0.0270000007 -0.00847600028
  vertex 0.0128310006 0.026899999 -0.00847600028
  vertex 0.00999899954 0.026899999 -0.00604399992
  endloop
 endfacet

 facet normal -0.651496947 5.79695609e-07 -0.758651316
  outer loop
  vertex 0.0128310006 0.0270000007 -0.00847600028
  vertex 0.00999899954 0.026899999 -0.00604399992
  vertex 0.00999899954 0.0270000007 -0.00604399992
  endloop
 endfacet

 facet normal -0.893050909 0.446442813 0.0561146699
  outer loop
  vertex -0.0664495006 0.0299999993 -0.0693000033
  vertex -0.0664724857 0.0299999993 -0.0696658045
  vertex -0.0675113499 0.0278759077 -0.0693000033
  endloop
 endfacet

 facet normal -0.802779794 0.446415961 -0.395294249
  outer loop
  vertex 0.103787616 0.0299999993 0.0776714236
  vertex 0.102858961 0.0279895421 0.077286914
  vertex 0.10279607 0.0280840341 0.0775213465
  endloop
 endfacet

 facet normal 0 1 0
  outer loop
  vertex 0.0294240005 0.0299999993 -0.0109999999
  vertex -0.0662123859 0.0299999993 0.0761285722
  vertex 0.0986123905 0.0299999993 0.0755285695
  endloop
 endfacet

 facet normal 0 1 0
  outer loop
  vertex 0.0984944478 0.0299999993 0.0758753866
  vertex 0.0986123905 0.0299999993 0.0755285695
  vertex -0.0662123859 0.0299999993 0.0761285722
  endloop
 endfacet

 facet normal -0.627601922 0 -0.778534472
  outer loop
  vertex 0.0159619991 0.0270000007 -0.0109999999
  vertex 0.0159619991 0.026899999 -0.0109999999
  vertex 0.0128310006 0.026899999 -0.00847600028
  endloop
 endfacet

 facet normal -0.627601922 1.05187848e-06 -0.778534472
  outer loop
  vertex 0.0159619991 0.0270000007 -0.0109999999
  vertex 0.0128310006 0.026899999 -0.00847600028
  vertex 0.0128310006 0.0270000007 -0.00847600028
  endloop
 endfacet

 facet normal 0.0561327301 0.44644472 -0.893048882
  outer loop
  vertex 0.101199999 0.0299999993 -0.065999493
  vertex 0.101199999 0.0279759262 -0.0670113489
  vertex 0.100834198 0.0299999993 -0.0660224855
  endloop
 endfacet

 facet normal -0.966148853 0 0.257985204
  outer loop
  vertex -0.0674979985 0.0149999997 -0.0692500025
  vertex -0.0674979985 0.0279089101 -0.0692500025
  vertex -0.0675113499 0.0278759077 -0.0693000033
  endloop
 endfacet

 facet normal -0.966122031 4.18358553e-07 0.258085787
  outer loop
  vertex -0.0674979985 0.0149999997 -0.0692500025
  vertex -0.0675113499 0.0278759077 -0.0693000033
  vertex -0.0675704405 0.0277855173 -0.0695212036
  endloop
 endfacet

 facet normal -0.966110945 0 0.258127123
  outer loop
  vertex -0.0672320053 0.0279491208 0.0763740018
  vertex -0.0672320053 0.0149999997 0.0763740018
  vertex -0.0671894848 0.0278846454 0.0765331462
  endloop
 endfacet

 facet normal 0.627601445 0 -0.77853477
  outer loop
  vertex 0.0159619991 0.026899999 -0.0109999999
  vertex 0.0159619991 0.0270000007 -0.0109999999
  vertex 0.0190930013 0.0270000007 -0.00847600028
  endloop
 endfacet

 facet normal -0.00335408095 0.0666580349 0.99777025
  outer loop
  vertex 0.0869999975 0.0149999997 0.0996316671
  vertex 0.131999999 0.0299999993 0.0987808332
  vertex 0.0160000008 0.0149999997 0.0993929952
  endloop
 endfacet

 facet normal -0.395281762 0.446414411 -0.802786767
  outer loop
  vertex 0.102107927 0.0280303452 -0.0672271699
  vertex 0.102271423 0.0299999993 -0.0662123859
  vertex 0.102600247 0.0299999993 -0.0663742945
  endloop
 endfacet

 facet normal -0.00335828285 0.0666245371 0.997772455
  outer loop
  vertex 0.0160000008 0.0149999997 0.0993929952
  vertex -0.100000001 0.0298975613 0.0980078056
  vertex -0.0790000036 0.0149999997 0.0990732461
  endloop
 endfacet

 facet normal -0.802782178 0.446416736 -0.395288587
  outer loop
  vertex 0.103787616 0.0299999993 0.0776714236
  vertex 0.10279607 0.0280840341 0.0775213465
  vertex 0.1036257 0.0299999993 0.0780002549
  endloop
 endfacet

 facet normal -0.966123998 7.46135171e-08 -0.258078337
  outer loop
  vertex -0.0676025078 0.027809225 -0.0688587651
  vertex -0.0675446391 0.0278375633 -0.0690753981
  vertex -0.0674979985 0.0149999997 -0.0692500025
  endloop
 endfacet

 facet normal -0.998513758 0 -0.0545025915
  outer loop
  vertex 0.00257800007 0.0270000007 0.00555399992
  vertex 0.00257800007 0.026899999 0.00555399992
  vertex 0.00249999994 0.026899999 0.00698299985
  endloop
 endfacet

 facet normal -0.998513758 -2.18181184e-09 -0.0545025915
  outer loop
  vertex 0.00257800007 0.0270000007 0.00555399992
  vertex 0.00249999994 0.026899999 0.00698299985
  vertex 0.00249999994 0.0270000007 0.00698299985
  endloop
 endfacet

 facet normal -0.96584928 -3.76170561e-08 -0.259104818
  outer loop
  vertex 0.102858961 0.0279895421 0.077286914
  vertex 0.102767996 0.0149999997 0.0776259974
  vertex 0.10279607 0.0280840341 0.0775213465
  endloop
 endfacet

 facet normal -0.497483462 0.446416616 -0.743789196
  outer loop
  vertex 0.102905087 0.0299999993 -0.066578187
  vertex 0.102126002 0.028042445 -0.0672320053
  vertex 0.102600247 0.0299999993 -0.0663742945
  endloop
 endfacet

 facet normal -0.990478814 0 -0.137665614
  outer loop
  vertex 0.00265499996 0.0270000007 0.00499999989
  vertex 0.00265499996 0.026899999 0.00499999989
  vertex 0.00257800007 0.026899999 0.00555399992
  endloop
 endfacet

 facet normal -0.990478814 2.16167848e-08 -0.137665614
  outer loop
  vertex 0.00265499996 0.0270000007 0.00499999989
  vertex 0.00257800007 0.026899999 0.00555399992
  vertex 0.00257800007 0.0270000007 0.00555399992
  endloop
 endfacet

 facet normal 0 1 0
  outer loop
  vertex -0.0662123859 0.0299999993 0.0782714263
  vertex -0.0663742945 0.0299999993 0.0786002502
  vertex 0.0986123905 0.0299999993 0.0776714236
  endloop
 endfacet

 facet normal 0 1 0
  outer loop
  vertex 0.0984944478 0.0299999993 0.0773246139
  vertex -0.0660944507 0.0299999993 0.0779246166
  vertex 0.0986123905 0.0299999993 0.0776714236
  endloop
 endfacet

 facet normal -0.707133055 0 -0.707080603
  outer loop
  vertex 0.102767996 0.0149999997 0.0776259974
  vertex 0.102667667 0.0280985255 0.0777263343
  vertex 0.102767996 0.0281538852 0.0776259974
  endloop
 endfacet

 facet normal 1 0 0
  outer loop
  vertex -0.0549999997 0.0270000007 0.0930000022
  vertex -0.0549999997 0.0149999997 0.0930000022
  vertex -0.0549999997 0.0270000007 0.0670000017
  endloop
 endfacet

 facet normal -0.987089276 0 -0.160171002
  outer loop
  vertex 0.00299299997 0.0270000007 0.00291700009
  vertex 0.00299299997 0.026899999 0.00291700009
  vertex 0.00265499996 0.026899999 0.00499999989
  endloop
 endfacet

 facet normal -0.987089276 -5.3518562e-08 -0.160171002
  outer loop
  vertex 0.00299299997 0.0270000007 0.00291700009
  vertex 0.00265499996 0.026899999 0.00499999989
  vertex 0.00265499996 0.0270000007 0.00499999989
  endloop
 endfacet

 facet normal 1 0 0
  outer loop
  vertex -0.0549999997 0.0149999997 0.0670000017
  vertex -0.0549999997 0.0270000007 0.0670000017
  vertex -0.0549999997 0.0149999997 0.0930000022
  endloop
 endfacet

 facet normal -0.91073072 0 -0.413000882
  outer loop
  vertex 0.00396300014 0.0270000007 0.000777999987
  vertex 0.00396300014 0.026899999 0.000777999987
  vertex 0.00299299997 0.026899999 0.00291700009
  endloop
 endfacet

 facet normal -0.91073072 -3.61510956e-07 -0.413000882
  outer loop
  vertex 0.00396300014 0.0270000007 0.000777999987
  vertex 0.00299299997 0.026899999 0.00291700009
  vertex 0.00299299997 0.0270000007 0.00291700009
  endloop
 endfacet

 facet normal -1 0 0
  outer loop
  vertex -0.100000001 0.0299999993 -0.0899982005
  vertex -0.100000001 4.18967575e-05 -0.0920000002
  vertex -0.100000001 0.0298975613 0.0980078056
  endloop
 endfacet

 facet normal -0.820228696 0 -0.572035849
  outer loop
  vertex 0.00396300014 0.0270000007 0.000777999987
  vertex 0.00549799995 0.0270000007 -0.00142300001
  vertex 0.00396300014 0.026899999 0.000777999987
  endloop
 endfacet

 facet normal -0.820228696 0 -0.572035849
  outer loop
  vertex 0.00549799995 0.026899999 -0.00142300001
  vertex 0.00396300014 0.026899999 0.000777999987
  vertex 0.00549799995 0.0270000007 -0.00142300001
  endloop
 endfacet

 facet normal -0.847179174 0.446421117 -0.288089693
  outer loop
  vertex 0.103787616 0.0299999993 0.0776714236
  vertex 0.103905551 0.0299999993 0.0773246139
  vertex 0.102858961 0.0279895421 0.077286914
  endloop
 endfacet

 facet normal -0.847176969 0.446420163 -0.288097471
  outer loop
  vertex 0.102919683 0.027958706 0.0770605728
  vertex 0.102858961 0.0279895421 0.077286914
  vertex 0.103905551 0.0299999993 0.0773246139
  endloop
 endfacet

 facet normal -0.847856283 -6.21222216e-06 0.530226052
  outer loop
  vertex 0.0165270008 0.026899999 0.012143
  vertex 0.016384 0.0270000007 0.0119143361
  vertex 0.0161080007 0.026899999 0.0114729991
  endloop
 endfacet

 facet normal -0.847856939 0 0.530225039
  outer loop
  vertex 0.0161080007 0.0270000007 0.0114729991
  vertex 0.0161080007 0.026899999 0.0114729991
  vertex 0.016384 0.0270000007 0.0119143361
  endloop
 endfacet

 facet normal -1 0 0
  outer loop
  vertex -0.100000001 0.0299999993 0.0980009586
  vertex -0.100000001 0.0299999993 -0.0899982005
  vertex -0.100000001 0.0298975613 0.0980078056
  endloop
 endfacet

 facet normal -0.588552415 0.446457356 -0.674004495
  outer loop
  vertex 0.102905087 0.0299999993 -0.066578187
  vertex 0.103180937 0.0299999993 -0.0668190643
  vertex 0.102282912 0.0279558692 -0.0673889145
  endloop
 endfacet

 facet normal -0.588541865 0.446455598 -0.674014747
  outer loop
  vertex 0.102446996 0.0279244557 -0.0675529987
  vertex 0.102282912 0.0279558692 -0.0673889145
  vertex 0.103180937 0.0299999993 -0.0668190643
  endloop
 endfacet

 facet normal -0.965850353 0 -0.259100378
  outer loop
  vertex 0.102767996 0.0281538852 0.0776259974
  vertex 0.10279607 0.0280840341 0.0775213465
  vertex 0.102767996 0.0149999997 0.0776259974
  endloop
 endfacet

 facet normal -0.965846539 -3.17000627e-07 -0.259114802
  outer loop
  vertex 0.102858961 0.0279895421 0.077286914
  vertex 0.102919683 0.027958706 0.0770605728
  vertex 0.102767996 0.0149999997 0.0776259974
  endloop
 endfacet

 facet normal -0.955515981 0 0.294939458
  outer loop
  vertex 0.0161080007 0.026899999 0.0114729991
  vertex 0.0161080007 0.0270000007 0.0114729991
  vertex 0.0160115045 0.0270000007 0.0111603802
  endloop
 endfacet

 facet normal 0 1 0
  outer loop
  vertex 0.103787616 0.0299999993 0.0776714236
  vertex 0.131999999 0.0299999993 0.0987808332
  vertex 0.103905551 0.0299999993 0.0773246139
  endloop
 endfacet

 facet normal 0.847856879 0 0.530225217
  outer loop
  vertex 0.0153970001 0.0270000007 0.012143
  vertex 0.0153970001 0.026899999 0.012143
  vertex 0.0158159994 0.026899999 0.0114729991
  endloop
 endfacet

 facet normal 0.847856879 -3.84595467e-08 0.530225217
  outer loop
  vertex 0.0153970001 0.0270000007 0.012143
  vertex 0.0158159994 0.026899999 0.0114729991
  vertex 0.0158159994 0.0270000007 0.0114729991
  endloop
 endfacet

 facet normal -0.707159281 0 0.707054317
  outer loop
  vertex -0.0672320053 0.0149999997 0.0763740018
  vertex -0.0672320053 0.0279491208 0.0763740018
  vertex -0.0672821701 0.0279033221 0.0763238296
  endloop
 endfacet

 facet normal -0.707106888 4.07476335e-07 0.70710665
  outer loop
  vertex -0.0672320053 0.0149999997 0.0763740018
  vertex -0.0672821701 0.0279033221 0.0763238296
  vertex -0.0674454942 0.0278132129 0.0761605054
  endloop
 endfacet

 facet normal 0 1 0
  outer loop
  vertex 0.103905551 0.0299999993 0.0773246139
  vertex 0.131999999 0.0299999993 0.0987808332
  vertex 0.103977516 0.0299999993 0.0769658014
  endloop
 endfacet

 facet normal -0.707106829 2.08149109e-10 -0.707106829
  outer loop
  vertex 0.102767996 0.0149999997 -0.0678739995
  vertex 0.102126002 0.0149999997 -0.0672320053
  vertex 0.102446996 0.0279244557 -0.0675529987
  endloop
 endfacet

 facet normal -0.00335823325 0.0666249767 0.997772455
  outer loop
  vertex -0.100000001 6.25329121e-05 0.100000001
  vertex -0.0799999982 0.0149999997 0.0990698859
  vertex -0.100000001 0.0298975613 0.0980078056
  endloop
 endfacet

 facet normal 0.757022321 0 0.653389096
  outer loop
  vertex 0.0147349993 0.0270000007 0.01291
  vertex 0.0147349993 0.026899999 0.01291
  vertex 0.0153970001 0.026899999 0.012143
  endloop
 endfacet

 facet normal 0.757022321 2.65037414e-07 0.653389096
  outer loop
  vertex 0.0147349993 0.0270000007 0.01291
  vertex 0.0153970001 0.026899999 0.012143
  vertex 0.0153970001 0.0270000007 0.012143
  endloop
 endfacet

 facet normal 0.659659445 0 0.751564682
  outer loop
  vertex 0.0138599994 0.0270000007 0.0136780003
  vertex 0.0138599994 0.026899999 0.0136780003
  vertex 0.0147349993 0.026899999 0.01291
  endloop
 endfacet

 facet normal 0.659659445 8.98161687e-08 0.751564682
  outer loop
  vertex 0.0138599994 0.0270000007 0.0136780003
  vertex 0.0147349993 0.026899999 0.01291
  vertex 0.0147349993 0.0270000007 0.01291
  endloop
 endfacet

 facet normal -0.877324939 0.446475148 -0.175957114
  outer loop
  vertex 0.102919683 0.027958706 0.0770605728
  vertex 0.103905551 0.0299999993 0.0773246139
  vertex 0.102980338 0.0279887859 0.07683447
  endloop
 endfacet

 facet normal -0.877324104 0.446475565 -0.175960347
  outer loop
  vertex 0.103977516 0.0299999993 0.0769658014
  vertex 0.102980338 0.0279887859 0.07683447
  vertex 0.103905551 0.0299999993 0.0773246139
  endloop
 endfacet

 facet normal 0.534805059 0 0.844975471
  outer loop
  vertex 0.0128030004 0.0270000007 0.014347
  vertex 0.0128030004 0.026899999 0.014347
  vertex 0.0138599994 0.026899999 0.0136780003
  endloop
 endfacet

 facet normal 0.534805059 -1.34679382e-07 0.844975471
  outer loop
  vertex 0.0128030004 0.0270000007 0.014347
  vertex 0.0138599994 0.026899999 0.0136780003
  vertex 0.0138599994 0.0270000007 0.0136780003
  endloop
 endfacet

 facet normal -0.965856314 0 -0.259078115
  outer loop
  vertex 0.103002995 0.028023025 0.0767500028
  vertex 0.103002995 0.0149999997 0.0767500028
  vertex 0.102980338 0.0279887859 0.07683447
  endloop
 endfacet

 facet normal -0.674012899 0.446455926 -0.588543892
  outer loop
  vertex 0.102446996 0.0279244557 -0.0675529987
  vertex 0.103180937 0.0299999993 -0.0668190643
  vertex 0.102611087 0.0279558692 -0.0677170902
  endloop
 endfacet

 facet normal 0.364080071 0 0.931367755
  outer loop
  vertex 0.011593 0.0270000007 0.0148200002
  vertex 0.011593 0.026899999 0.0148200002
  vertex 0.0128030004 0.026899999 0.014347
  endloop
 endfacet

 facet normal 0.364080071 -9.12234412e-08 0.931367755
  outer loop
  vertex 0.011593 0.0270000007 0.0148200002
  vertex 0.0128030004 0.026899999 0.014347
  vertex 0.0128030004 0.0270000007 0.014347
  endloop
 endfacet

 facet normal -0.966111124 1.34409117e-06 0.258126557
  outer loop
  vertex -0.0675704405 0.0277855173 -0.0695212036
  vertex -0.0676274449 0.0277576093 -0.0697345585
  vertex -0.0674979985 0.0149999997 -0.0692500025
  endloop
 endfacet

 facet normal 0.133720323 0 0.99101913
  outer loop
  vertex 0.0102589997 0.0270000007 0.0149999997
  vertex 0.0102589997 0.026899999 0.0149999997
  vertex 0.011593 0.026899999 0.0148200002
  endloop
 endfacet

 facet normal 0.133720323 5.67797507e-08 0.99101913
  outer loop
  vertex 0.0102589997 0.0270000007 0.0149999997
  vertex 0.011593 0.026899999 0.0148200002
  vertex 0.011593 0.0270000007 0.0148200002
  endloop
 endfacet

 facet normal 0 1 0
  outer loop
  vertex 0.1036257 0.0299999993 0.075199753
  vertex 0.103787616 0.0299999993 0.0755285695
  vertex 0.131999999 0.0299999993 -0.0899982005
  endloop
 endfacet

 facet normal 0 1 0
  outer loop
  vertex 0.131999999 0.0299999993 0.0987808332
  vertex 0.131999999 0.0299999993 -0.0899982005
  vertex 0.103787616 0.0299999993 0.0755285695
  endloop
 endfacet

 facet normal -0.160177752 0 0.987088203
  outer loop
  vertex 0.0102589997 0.026899999 0.0149999997
  vertex 0.0102589997 0.0270000007 0.0149999997
  vertex 0.00684499973 0.0270000007 0.0144459996
  endloop
 endfacet

 facet normal -0.160177752 -8.42092049e-08 0.987088203
  outer loop
  vertex 0.0102589997 0.026899999 0.0149999997
  vertex 0.00684499973 0.0270000007 0.0144459996
  vertex 0.00684499973 0.026899999 0.0144459996
  endloop
 endfacet

 facet normal -0.673996091 0.446458757 -0.588560939
  outer loop
  vertex 0.103421815 0.0299999993 -0.0670949072
  vertex 0.102611087 0.0279558692 -0.0677170902
  vertex 0.103180937 0.0299999993 -0.0668190643
  endloop
 endfacet

 facet normal -0.673996568 0.446457446 0.588561356
  outer loop
  vertex -0.066578187 0.0299999993 0.0754949078
  vertex -0.0668190643 0.0299999993 0.075219065
  vertex -0.0674454942 0.0278132129 0.0761605054
  endloop
 endfacet

 facet normal -0.674015462 0.446454465 0.588541806
  outer loop
  vertex -0.0676029995 0.0277830586 0.0760030001
  vertex -0.0674454942 0.0278132129 0.0761605054
  vertex -0.0668190643 0.0299999993 0.075219065
  endloop
 endfacet

 facet normal -0.536122501 -3.35011549e-07 0.844140232
  outer loop
  vertex 0.00684499973 0.0270000007 0.0144459996
  vertex 0.00459499983 0.0270000007 0.0130170006
  vertex 0.00459499983 0.026899999 0.0130170006
  endloop
 endfacet

 facet normal -0.536122501 0 0.844140232
  outer loop
  vertex 0.00684499973 0.0270000007 0.0144459996
  vertex 0.00459499983 0.026899999 0.0130170006
  vertex 0.00684499973 0.026899999 0.0144459996
  endloop
 endfacet

 facet normal -0.707106888 4.09393124e-07 0.707106709
  outer loop
  vertex -0.0676029995 0.0277830586 0.0760030001
  vertex -0.0672320053 0.0149999997 0.0763740018
  vertex -0.0674454942 0.0278132129 0.0761605054
  endloop
 endfacet

 facet normal 0 1 0
  outer loop
  vertex -0.067728579 0.0299999993 0.079787612
  vertex -0.0716030002 0.0299999993 0.0980964229
  vertex -0.0673997477 0.0299999993 0.0796257034
  endloop
 endfacet

 facet normal -0.828706086 0 0.559684098
  outer loop
  vertex 0.00327600003 0.0270000007 0.0110640004
  vertex 0.00327600003 0.026899999 0.0110640004
  vertex 0.00459499983 0.026899999 0.0130170006
  endloop
 endfacet

 facet normal -0.828706086 4.67866634e-08 0.559684098
  outer loop
  vertex 0.00327600003 0.0270000007 0.0110640004
  vertex 0.00459499983 0.026899999 0.0130170006
  vertex 0.00459499983 0.0270000007 0.0130170006
  endloop
 endfacet

 facet normal -0.89285934 0.446508586 -0.0585867912
  outer loop
  vertex 0.1040015 0.0299999993 0.0766000003
  vertex 0.102962762 0.0279228911 0.0766000003
  vertex 0.103002995 0.028023025 0.0767500028
  endloop
 endfacet

 facet normal -0.89286375 0.446510375 -0.0585040264
  outer loop
  vertex 0.102980338 0.0279887859 0.07683447
  vertex 0.103977516 0.0299999993 0.0769658014
  vertex 0.103002995 0.028023025 0.0767500028
  endloop
 endfacet

 facet normal -0.892860353 0.44651264 -0.0585395768
  outer loop
  vertex 0.1040015 0.0299999993 0.0766000003
  vertex 0.103002995 0.028023025 0.0767500028
  vertex 0.103977516 0.0299999993 0.0769658014
  endloop
 endfacet

 facet normal 0 1 0
  outer loop
  vertex 0.131999999 0.0299999993 -0.0899982005
  vertex 0.103787616 0.0299999993 -0.067728579
  vertex 0.102905087 0.0299999993 0.0743781924
  endloop
 endfacet

 facet normal 0 1 0
  outer loop
  vertex 0.103180937 0.0299999993 0.0746190622
  vertex 0.131999999 0.0299999993 -0.0899982005
  vertex 0.102905087 0.0299999993 0.0743781924
  endloop
 endfacet

 facet normal -0.959959507 0 0.280138522
  outer loop
  vertex 0.00265499996 0.0270000007 0.00893600006
  vertex 0.00265499996 0.026899999 0.00893600006
  vertex 0.00327600003 0.026899999 0.0110640004
  endloop
 endfacet

 facet normal -0.959959507 -1.27900549e-07 0.280138522
  outer loop
  vertex 0.00265499996 0.0270000007 0.00893600006
  vertex 0.00327600003 0.026899999 0.0110640004
  vertex 0.00327600003 0.0270000007 0.0110640004
  endloop
 endfacet

 facet normal 0.175963923 0.446474552 -0.877323866
  outer loop
  vertex -0.0696158037 0.0299999993 -0.0665224865
  vertex -0.0694792643 0.0279089585 -0.0675592422
  vertex -0.0699746087 0.0299999993 -0.0665944517
  endloop
 endfacet

 facet normal 0.175953493 0.44647336 -0.877326608
  outer loop
  vertex -0.0697003901 0.0278800335 -0.0676183105
  vertex -0.0699746087 0.0299999993 -0.0665944517
  vertex -0.0694792643 0.0279089585 -0.0675592422
  endloop
 endfacet

 facet normal 0 1 0
  outer loop
  vertex 0.103421815 0.0299999993 0.0748949125
  vertex 0.1036257 0.0299999993 0.075199753
  vertex 0.131999999 0.0299999993 -0.0899982005
  endloop
 endfacet

 facet normal -0.996865392 5.92710734e-08 0.0791162923
  outer loop
  vertex 0.00249999994 0.026899999 0.00698299985
  vertex 0.00265499996 0.026899999 0.00893600006
  vertex 0.00265499996 0.0270000007 0.00893600006
  endloop
 endfacet

 facet normal -0.996865392 0 0.0791162923
  outer loop
  vertex 0.00249999994 0.026899999 0.00698299985
  vertex 0.00265499996 0.0270000007 0.00893600006
  vertex 0.00249999994 0.0270000007 0.00698299985
  endloop
 endfacet

 facet normal -0.965849519 2.01194368e-07 -0.259103715
  outer loop
  vertex 0.102767996 0.0149999997 0.0776259974
  vertex 0.102919683 0.027958706 0.0770605728
  vertex 0.103002995 0.0149999997 0.0767500028
  endloop
 endfacet

 facet normal 0 1 0
  outer loop
  vertex -0.0673997477 0.0299999993 0.0796257034
  vertex -0.0716030002 0.0299999993 0.0980964229
  vertex -0.0670949072 0.0299999993 0.0794218108
  endloop
 endfacet

 facet normal 0.25807637 -1.51031244e-07 -0.966124535
  outer loop
  vertex -0.0701259971 0.0149999997 -0.0677319989
  vertex -0.0697003901 0.0278800335 -0.0676183105
  vertex -0.0692500025 0.0149999997 -0.0674979985
  endloop
 endfacet

 facet normal -0.743740439 0.446412802 -0.497559845
  outer loop
  vertex 0.102772847 0.0280303881 -0.0678920671
  vertex 0.102767996 0.028042445 -0.0678739995
  vertex 0.1036257 0.0299999993 -0.0673997477
  endloop
 endfacet

 facet normal -0.743792176 0.446417421 -0.497478247
  outer loop
  vertex 0.102611087 0.0279558692 -0.0677170902
  vertex 0.103421815 0.0299999993 -0.0670949072
  vertex 0.102767996 0.028042445 -0.0678739995
  endloop
 endfacet

 facet normal 0.955516636 5.91174718e-08 0.294937402
  outer loop
  vertex 0.0159619991 0.0270000007 0.0109999999
  vertex 0.0158159994 0.0270000007 0.0114729991
  vertex 0.0158159994 0.026899999 0.0114729991
  endloop
 endfacet

 facet normal 0.955516636 0 0.294937402
  outer loop
  vertex 0.0159619991 0.0270000007 0.0109999999
  vertex 0.0158159994 0.026899999 0.0114729991
  vertex 0.0159619991 0.026899999 0.0109999999
  endloop
 endfacet

 facet normal -0.955515563 4.68734061e-06 0.294940799
  outer loop
  vertex 0.0161080007 0.026899999 0.0114729991
  vertex 0.0160115045 0.0270000007 0.0111603802
  vertex 0.0159619991 0.026899999 0.0109999999
  endloop
 endfacet

 facet normal -0.955514669 0 0.294943511
  outer loop
  vertex 0.0159619991 0.0270000007 0.0109999999
  vertex 0.0159619991 0.026899999 0.0109999999
  vertex 0.0160115045 0.0270000007 0.0111603802
  endloop
 endfacet

 facet normal -0.743797719 0.446416378 -0.497470945
  outer loop
  vertex 0.1036257 0.0299999993 -0.0673997477
  vertex 0.102767996 0.028042445 -0.0678739995
  vertex 0.103421815 0.0299999993 -0.0670949072
  endloop
 endfacet

 facet normal 0 1 0
  outer loop
  vertex -0.0716030002 0.0299999993 0.0980964229
  vertex 0.0986123905 0.0299999993 0.0776714236
  vertex -0.0670949072 0.0299999993 0.0794218108
  endloop
 endfacet

 facet normal 0 0.0666716099 -0.997775018
  outer loop
  vertex -0.0799999982 0.0149999997 -0.0910005048
  vertex -0.100000001 0.0299999993 -0.0899982005
  vertex -0.0790000036 0.0149999997 -0.0910005048
  endloop
 endfacet

 facet normal 0.0561326742 0.446446508 -0.893047988
  outer loop
  vertex -0.0692500025 0.0299999993 -0.066499494
  vertex -0.0692500025 0.028002644 -0.0674979985
  vertex -0.0696158037 0.0299999993 -0.0665224865
  endloop
 endfacet

 facet normal 1 0 0
  outer loop
  vertex -0.0799999982 0.0270000007 -0.0590000004
  vertex -0.0799999982 0.0270000007 0.0670000017
  vertex -0.0799999982 0.0230030008 -0.0490029976
  endloop
 endfacet

 facet normal 1 0 0
  outer loop
  vertex -0.0799999982 0.0230030008 0.0600029975
  vertex -0.0799999982 0.0230030008 -0.0490029976
  vertex -0.0799999982 0.0270000007 0.0670000017
  endloop
 endfacet

 facet normal 0 -1 0
  outer loop
  vertex 0.0869999975 0.0149999997 -0.0910005048
  vertex 0.0869999975 0.0149999997 -0.0850000009
  vertex -0.0549999997 0.0149999997 -0.0850000009
  endloop
 endfacet

 facet normal 1 0 0
  outer loop
  vertex -0.0799999982 0.0230030008 0.0600029975
  vertex -0.0799999982 0.0149999997 0.0670000017
  vertex -0.0799999982 0.0140030002 0.0600029975
  endloop
 endfacet

 facet normal 1 0 0
  outer loop
  vertex -0.0799999982 0.0270000007 0.0670000017
  vertex -0.0799999982 0.0149999997 0.0670000017
  vertex -0.0799999982 0.0230030008 0.0600029975
  endloop
 endfacet

 facet normal 1 0 0
  outer loop
  vertex -0.0799999982 0.0140030002 0.0670000017
  vertex -0.0799999982 0.0140030002 0.0600029975
  vertex -0.0799999982 0.0149999997 0.0670000017
  endloop
 endfacet

 facet normal 0 1 0
  outer loop
  vertex 0.0992190614 0.0299999993 0.0746190622
  vertex 0.0994949117 0.0299999993 0.0743781924
  vertex 0.0294240005 0.0299999993 -0.0109999999
  endloop
 endfacet

 facet normal 0 1 0
  outer loop
  vertex 0.102271423 0.0299999993 0.0740123838
  vertex 0.102600247 0.0299999993 0.0741742998
  vertex 0.102600247 0.0299999993 -0.0663742945
  endloop
 endfacet

 facet normal 0 1 0
  outer loop
  vertex 0.100834198 0.0299999993 0.0738224834
  vertex 0.101199999 0.0299999993 0.0737994984
  vertex 0.101199999 0.0299999993 -0.065999493
  endloop
 endfacet

 facet normal 0 1 0
  outer loop
  vertex 0.102905087 0.0299999993 -0.066578187
  vertex 0.102600247 0.0299999993 -0.0663742945
  vertex 0.102600247 0.0299999993 0.0741742998
  endloop
 endfacet

 facet normal 0 1 0
  outer loop
  vertex 0.0997997522 0.0299999993 0.0741742998
  vertex 0.100128569 0.0299999993 0.0740123838
  vertex 0.0294240005 0.0299999993 -0.0109999999
  endloop
 endfacet

 facet normal 0.258084714 0 -0.966122329
  outer loop
  vertex -0.0692500025 0.028002644 -0.0674979985
  vertex -0.0692500025 0.0149999997 -0.0674979985
  vertex -0.0694792643 0.0279089585 -0.0675592422
  endloop
 endfacet

 facet normal -0.892861784 0.446509778 0.05853967
  outer loop
  vertex 0.1040015 0.0299999993 0.0766000003
  vertex 0.103977516 0.0299999993 0.0762341991
  vertex 0.102962762 0.0279228911 0.0766000003
  endloop
 endfacet

 facet normal -0.892860055 0.446511388 0.0585538112
  outer loop
  vertex 0.102902606 0.027832007 0.0763757601
  vertex 0.102962762 0.0279228911 0.0766000003
  vertex 0.103977516 0.0299999993 0.0762341991
  endloop
 endfacet

 facet normal 0 -1 0
  outer loop
  vertex -0.0692500025 0.0149999997 -0.0674979985
  vertex -0.0790000036 0.0149999997 -0.0590000004
  vertex -0.0701259971 0.0149999997 -0.0677319989
  endloop
 endfacet

 facet normal 1 0 0
  outer loop
  vertex -0.0799999982 0.0140030002 -0.0590000004
  vertex -0.0799999982 0.0149999997 -0.0590000004
  vertex -0.0799999982 0.0140030002 -0.0490029976
  endloop
 endfacet

 facet normal 1 0 0
  outer loop
  vertex -0.0799999982 0.0230030008 -0.0490029976
  vertex -0.0799999982 0.0140030002 -0.0490029976
  vertex -0.0799999982 0.0149999997 -0.0590000004
  endloop
 endfacet

 facet normal 1 0 0
  outer loop
  vertex -0.0799999982 0.0270000007 -0.0590000004
  vertex -0.0799999982 0.0230030008 -0.0490029976
  vertex -0.0799999982 0.0149999997 -0.0590000004
  endloop
 endfacet

 facet normal -0.965849459 5.5319498e-07 0.259104282
  outer loop
  vertex 0.102962762 0.0279228911 0.0766000003
  vertex 0.102902606 0.027832007 0.0763757601
  vertex 0.103002995 0.0149999997 0.0767500028
  endloop
 endfacet

 facet normal -0.965843976 1.19016568e-06 0.259124666
  outer loop
  vertex 0.102902606 0.027832007 0.0763757601
  vertex 0.102844596 0.0278032385 0.0761595368
  vertex 0.103002995 0.0149999997 0.0767500028
  endloop
 endfacet

 facet normal -0.707106829 0 -0.707106829
  outer loop
  vertex 0.102767996 0.028042445 -0.0678739995
  vertex 0.102767996 0.0149999997 -0.0678739995
  vertex 0.102611087 0.0279558692 -0.0677170902
  endloop
 endfacet

 facet normal 0 1 0
  outer loop
  vertex 0.103180937 0.0299999993 0.0746190622
  vertex 0.103421815 0.0299999993 0.0748949125
  vertex 0.131999999 0.0299999993 -0.0899982005
  endloop
 endfacet

 facet normal 0 1 0
  outer loop
  vertex 0.103787616 0.0299999993 0.0755285695
  vertex 0.103905551 0.0299999993 0.0758753866
  vertex 0.131999999 0.0299999993 0.0987808332
  endloop
 endfacet

 facet normal 0 1 0
  outer loop
  vertex 0.131999999 0.0299999993 0.0987808332
  vertex 0.103905551 0.0299999993 0.0758753866
  vertex 0.103977516 0.0299999993 0.0762341991
  endloop
 endfacet

 facet normal 0 1 0
  outer loop
  vertex 0.1040015 0.0299999993 0.0766000003
  vertex 0.131999999 0.0299999993 0.0987808332
  vertex 0.103977516 0.0299999993 0.0762341991
  endloop
 endfacet

 facet normal 0 1 0
  outer loop
  vertex 0.103977516 0.0299999993 0.0769658014
  vertex 0.131999999 0.0299999993 0.0987808332
  vertex 0.1040015 0.0299999993 0.0766000003
  endloop
 endfacet

 facet normal 0 1 0
  outer loop
  vertex 0.103787616 0.0299999993 0.0776714236
  vertex 0.1036257 0.0299999993 0.0780002549
  vertex 0.131999999 0.0299999993 0.0987808332
  endloop
 endfacet

 facet normal -0.965849936 1.69510201e-07 -0.259102494
  outer loop
  vertex 0.102980338 0.0279887859 0.07683447
  vertex 0.103002995 0.0149999997 0.0767500028
  vertex 0.102919683 0.027958706 0.0770605728
  endloop
 endfacet

 facet normal -1 0 0
  outer loop
  vertex -0.100000001 6.25329121e-05 0.100000001
  vertex -0.100000001 0.0298975613 0.0980078056
  vertex -0.100000001 4.18967575e-05 -0.0920000002
  endloop
 endfacet

 facet normal 0 1 0
  outer loop
  vertex -0.0663742945 0.0299999993 0.0786002502
  vertex -0.066578187 0.0299999993 0.0789050907
  vertex 0.0986123905 0.0299999993 0.0776714236
  endloop
 endfacet

 facet normal -0.802782834 0.446415067 -0.395288885
  outer loop
  vertex 0.1036257 0.0299999993 -0.0673997477
  vertex 0.103787616 0.0299999993 -0.067728579
  vertex 0.102772847 0.0280303881 -0.0678920671
  endloop
 endfacet

 facet normal -0.802781463 0.446414679 -0.395292222
  outer loop
  vertex 0.102834821 0.0279372707 -0.0681230873
  vertex 0.102772847 0.0280303881 -0.0678920671
  vertex 0.103787616 0.0299999993 -0.067728579
  endloop
 endfacet

 facet normal 0 1 0
  outer loop
  vertex -0.066578187 0.0299999993 0.0789050907
  vertex -0.0668190643 0.0299999993 0.079180941
  vertex 0.0986123905 0.0299999993 0.0776714236
  endloop
 endfacet

 facet normal 0 1 0
  outer loop
  vertex -0.0668190643 0.0299999993 0.079180941
  vertex -0.0670949072 0.0299999993 0.0794218108
  vertex 0.0986123905 0.0299999993 0.0776714236
  endloop
 endfacet

 facet normal 0 1 0
  outer loop
  vertex 0.103180937 0.0299999993 0.0785809383
  vertex 0.102905087 0.0299999993 0.0788218081
  vertex 0.131999999 0.0299999993 0.0987808332
  endloop
 endfacet

 facet normal 0 1 0
  outer loop
  vertex 0.103421815 0.0299999993 0.0783050805
  vertex 0.103180937 0.0299999993 0.0785809383
  vertex 0.131999999 0.0299999993 0.0987808332
  endloop
 endfacet

 facet normal 0 1 0
  outer loop
  vertex 0.101924613 0.0299999993 0.0793055519
  vertex 0.101565801 0.0299999993 0.0793775097
  vertex 0.131999999 0.0299999993 0.0987808332
  endloop
 endfacet

 facet normal 0 1 0
  outer loop
  vertex 0.101565801 0.0299999993 0.0793775097
  vertex 0.101199999 0.0299999993 0.0794015005
  vertex 0.131999999 0.0299999993 0.0987808332
  endloop
 endfacet

 facet normal 0 1 0
  outer loop
  vertex 0.101199999 0.0299999993 0.0794015005
  vertex 0.100834198 0.0299999993 0.0793775097
  vertex 0.131999999 0.0299999993 0.0987808332
  endloop
 endfacet

 facet normal 0 1 0
  outer loop
  vertex -0.0713876113 0.0299999993 0.0761285722
  vertex -0.100000001 0.0299999993 -0.0899982005
  vertex -0.100000001 0.0299999993 0.0980009586
  endloop
 endfacet

 facet normal 0 -1 0
  outer loop
  vertex -0.0707679987 0.0149999997 -0.0701259971
  vertex -0.0790000036 0.0149999997 -0.0910005048
  vertex -0.0701259971 0.0149999997 -0.0707679987
  endloop
 endfacet

 facet normal -0.877324343 0.44647488 0.175960392
  outer loop
  vertex 0.103977516 0.0299999993 0.0762341991
  vertex 0.103905551 0.0299999993 0.0758753866
  vertex 0.102902606 0.027832007 0.0763757601
  endloop
 endfacet

 facet normal -0.877321601 0.446476102 0.175971538
  outer loop
  vertex 0.102844596 0.0278032385 0.0761595368
  vertex 0.102902606 0.027832007 0.0763757601
  vertex 0.103905551 0.0299999993 0.0758753866
  endloop
 endfacet

 facet normal -0.258074313 -7.85428469e-08 -0.966125011
  outer loop
  vertex -0.0692500025 0.0149999997 -0.0674979985
  vertex -0.0687996075 0.0278800335 -0.0676183105
  vertex -0.0683740005 0.0149999997 -0.0677319989
  endloop
 endfacet

 facet normal -0.258076906 0 -0.966124415
  outer loop
  vertex -0.0692500025 0.0149999997 -0.0674979985
  vertex -0.0692500025 0.028002644 -0.0674979985
  vertex -0.0690207332 0.0279089585 -0.0675592422
  endloop
 endfacet

 facet normal -0.258075923 -1.79947666e-08 -0.966124654
  outer loop
  vertex -0.0690207332 0.0279089585 -0.0675592422
  vertex -0.0687996075 0.0278800335 -0.0676183105
  vertex -0.0692500025 0.0149999997 -0.0674979985
  endloop
 endfacet

 facet normal -0.258069336 9.92621381e-08 -0.966126502
  outer loop
  vertex -0.0683740005 0.0149999997 -0.0677319989
  vertex -0.0687996075 0.0278800335 -0.0676183105
  vertex -0.0685781687 0.0279106814 -0.0676774606
  endloop
 endfacet

 facet normal -0.497463197 0.446413875 0.743804514
  outer loop
  vertex -0.0677605048 0.0278132129 0.0758454874
  vertex -0.0670949072 0.0299999993 0.0749781877
  vertex -0.0678739995 0.0278758295 0.0757320002
  endloop
 endfacet

 facet normal -0.497455925 0.446415752 0.74380827
  outer loop
  vertex -0.0679420903 0.0278302561 0.0757138133
  vertex -0.0678739995 0.0278758295 0.0757320002
  vertex -0.0673997477 0.0299999993 0.0747743025
  endloop
 endfacet

 facet normal -0.965803981 0 -0.259273559
  outer loop
  vertex 0.102767996 0.0149999997 -0.0678739995
  vertex 0.102767996 0.028042445 -0.0678739995
  vertex 0.102772847 0.0280303881 -0.0678920671
  endloop
 endfacet

 facet normal -0.965850234 2.56456502e-07 -0.259101003
  outer loop
  vertex 0.102767996 0.0149999997 -0.0678739995
  vertex 0.102772847 0.0280303881 -0.0678920671
  vertex 0.102834821 0.0279372707 -0.0681230873
  endloop
 endfacet

 facet normal -0.965850055 5.36887654e-08 0.259101689
  outer loop
  vertex 0.102767996 0.0149999997 0.0758740008
  vertex 0.103002995 0.0149999997 0.0767500028
  vertex 0.102844596 0.0278032385 0.0761595368
  endloop
 endfacet

 facet normal -0.0561315343 0.446446508 -0.893047988
  outer loop
  vertex -0.0692500025 0.0299999993 -0.066499494
  vertex -0.0688841939 0.0299999993 -0.0665224865
  vertex -0.0692500025 0.028002644 -0.0674979985
  endloop
 endfacet

 facet normal -0.0561268739 0.446446002 -0.893048525
  outer loop
  vertex -0.0690207332 0.0279089585 -0.0675592422
  vertex -0.0692500025 0.028002644 -0.0674979985
  vertex -0.0688841939 0.0299999993 -0.0665224865
  endloop
 endfacet

 facet normal 0 1 0
  outer loop
  vertex 0.0984224826 0.0299999993 0.0769658014
  vertex -0.0660224855 0.0299999993 0.0775658041
  vertex 0.0984944478 0.0299999993 0.0773246139
  endloop
 endfacet

 facet normal 0 1 0
  outer loop
  vertex 0.0984224826 0.0299999993 0.0762341991
  vertex 0.0984944478 0.0299999993 0.0758753866
  vertex -0.0660944507 0.0299999993 0.0764753893
  endloop
 endfacet

 facet normal 0 1 0
  outer loop
  vertex -0.0662123859 0.0299999993 0.0761285722
  vertex -0.0660944507 0.0299999993 0.0764753893
  vertex 0.0984944478 0.0299999993 0.0758753866
  endloop
 endfacet

 facet normal 0 1 0
  outer loop
  vertex 0.0983994976 0.0299999993 0.0766000003
  vertex -0.065999493 0.0299999993 0.0771999955
  vertex 0.0984224826 0.0299999993 0.0769658014
  endloop
 endfacet

 facet normal 0 -1 0
  outer loop
  vertex -0.0683740005 0.0149999997 -0.0707679987
  vertex -0.0692500025 0.0149999997 -0.0710029975
  vertex -0.0549999997 0.0149999997 -0.0850000009
  endloop
 endfacet

 facet normal 0 -1 0
  outer loop
  vertex -0.0692500025 0.0149999997 -0.0710029975
  vertex -0.0790000036 0.0149999997 -0.0910005048
  vertex -0.0549999997 0.0149999997 -0.0850000009
  endloop
 endfacet

 facet normal -0.175953463 0.4464733 -0.877326608
  outer loop
  vertex -0.0685253888 0.0299999993 -0.0665944517
  vertex -0.0687996075 0.0278800335 -0.0676183105
  vertex -0.0690207332 0.0279089585 -0.0675592422
  endloop
 endfacet

 facet normal -0.175963923 0.446474552 -0.877323866
  outer loop
  vertex -0.0685253888 0.0299999993 -0.0665944517
  vertex -0.0690207332 0.0279089585 -0.0675592422
  vertex -0.0688841939 0.0299999993 -0.0665224865
  endloop
 endfacet

 facet normal 0 -1 0
  outer loop
  vertex -0.0549999997 0.0149999997 -0.0850000009
  vertex -0.0549999997 0.0149999997 -0.0590000004
  vertex -0.0674979985 0.0149999997 -0.0692500025
  endloop
 endfacet

 facet normal -0.707083583 0 0.707130075
  outer loop
  vertex -0.0678739995 0.0278758295 0.0757320002
  vertex -0.0678739995 0.0149999997 0.0757320002
  vertex -0.0677605048 0.0278132129 0.0758454874
  endloop
 endfacet

 facet normal 0 -1 0
  outer loop
  vertex -0.0674979985 0.0149999997 -0.0692500025
  vertex -0.0549999997 0.0149999997 -0.0590000004
  vertex -0.0677319989 0.0149999997 -0.0683740005
  endloop
 endfacet

 facet normal -0.84717983 0.446419686 -0.288089931
  outer loop
  vertex 0.103787616 0.0299999993 -0.067728579
  vertex 0.103905551 0.0299999993 -0.0680753887
  vertex 0.102834821 0.0279372707 -0.0681230873
  endloop
 endfacet

 facet normal -0.0585420802 0.446509063 -0.892862022
  outer loop
  vertex 0.101565801 0.0299999993 0.0793775097
  vertex 0.101443782 0.028131336 0.0784510151
  vertex 0.10125 0.0282098763 0.0785029978
  endloop
 endfacet

 facet normal -0.0585763752 0.446509928 -0.89285934
  outer loop
  vertex 0.101199999 0.0281764995 0.0784895867
  vertex 0.101199999 0.0299999993 0.0794015005
  vertex 0.10125 0.0282098763 0.0785029978
  endloop
 endfacet

 facet normal -0.0585577451 0.446510881 -0.892860115
  outer loop
  vertex 0.101565801 0.0299999993 0.0793775097
  vertex 0.10125 0.0282098763 0.0785029978
  vertex 0.101199999 0.0299999993 0.0794015005
  endloop
 endfacet

 facet normal -0.395452142 0.446422637 -0.802698314
  outer loop
  vertex -0.0683555305 0.0279765315 -0.0677504763
  vertex -0.0683740005 0.0279933941 -0.0677319989
  vertex -0.0678497478 0.0299999993 -0.0668742955
  endloop
 endfacet

 facet normal 0 -1 0
  outer loop
  vertex 0.0869999975 0.0149999997 -0.0910005048
  vertex -0.0549999997 0.0149999997 -0.0850000009
  vertex -0.0790000036 0.0149999997 -0.0910005048
  endloop
 endfacet

 facet normal 0 -1 0
  outer loop
  vertex -0.0692500025 0.0149999997 -0.0710029975
  vertex -0.0701259971 0.0149999997 -0.0707679987
  vertex -0.0790000036 0.0149999997 -0.0910005048
  endloop
 endfacet

 facet normal -0.847178459 0.44641909 -0.288094938
  outer loop
  vertex 0.102894656 0.0279068835 -0.0683461279
  vertex 0.102834821 0.0279372707 -0.0681230873
  vertex 0.103905551 0.0299999993 -0.0680753887
  endloop
 endfacet

 facet normal 0 -1 -2.22044605e-16
  outer loop
  vertex -0.0800030008 -2.22044608e-17 0.100000001
  vertex -0.100000001 -2.22044608e-17 0.100000001
  vertex -0.0800030008 2.04281037e-17 -0.0920000002
  endloop
 endfacet

 facet normal -0.847180307 0.446422666 0.288083881
  outer loop
  vertex 0.103787616 0.0299999993 0.0755285695
  vertex 0.102786526 0.0278327297 0.0759430826
  vertex 0.103905551 0.0299999993 0.0758753866
  endloop
 endfacet

 facet normal -0.84717536 0.44642064 0.288101673
  outer loop
  vertex 0.102844596 0.0278032385 0.0761595368
  vertex 0.103905551 0.0299999993 0.0758753866
  vertex 0.102786526 0.0278327297 0.0759430826
  endloop
 endfacet

 facet normal -0.497472495 0.446414649 -0.743797779
  outer loop
  vertex -0.0675449148 0.0299999993 -0.0670781881
  vertex -0.068188794 0.0278845411 -0.0679172054
  vertex -0.0683555305 0.0279765315 -0.0677504763
  endloop
 endfacet

 facet normal -0.497491658 0.446417451 -0.743783295
  outer loop
  vertex -0.0675449148 0.0299999993 -0.0670781881
  vertex -0.0683555305 0.0279765315 -0.0677504763
  vertex -0.0678497478 0.0299999993 -0.0668742955
  endloop
 endfacet

 facet normal -0.965847731 6.65673028e-08 -0.259110212
  outer loop
  vertex 0.102894656 0.0279068835 -0.0683461279
  vertex 0.102767996 0.0149999997 -0.0678739995
  vertex 0.102834821 0.0279372707 -0.0681230873
  endloop
 endfacet

 facet normal 0.259059817 0 -0.965861261
  outer loop
  vertex 0.10125 0.0282098763 0.0785029978
  vertex 0.10125 0.0149999997 0.0785029978
  vertex 0.101199999 0.0281764995 0.0784895867
  endloop
 endfacet

 facet normal 0 -1 0
  outer loop
  vertex -0.0799999982 0.0230030008 0.0600029975
  vertex -0.097002998 0.0230030008 0.0600029975
  vertex -0.097002998 0.0230030008 -0.0490029976
  endloop
 endfacet

 facet normal 0 -1 0
  outer loop
  vertex -0.0799999982 0.0230030008 0.0600029975
  vertex -0.097002998 0.0230030008 -0.0490029976
  vertex -0.0799999982 0.0230030008 -0.0490029976
  endloop
 endfacet

 facet normal 0 1 0
  outer loop
  vertex -0.0710218102 0.0299999993 0.0789050907
  vertex -0.100000001 0.0299999993 0.0980009586
  vertex -0.0707809404 0.0299999993 0.079180941
  endloop
 endfacet

 facet normal -0.395289004 0.446414769 0.802782953
  outer loop
  vertex -0.0673997477 0.0299999993 0.0747743025
  vertex -0.067728579 0.0299999993 0.0746123865
  vertex -0.0679420903 0.0278302561 0.0757138133
  endloop
 endfacet

 facet normal -0.588533342 0.446456641 -0.674021661
  outer loop
  vertex -0.068188794 0.0278845411 -0.0679172054
  vertex -0.0675449148 0.0299999993 -0.0670781881
  vertex -0.067269057 0.0299999993 -0.0673190579
  endloop
 endfacet

 facet normal 0 1 0
  outer loop
  vertex -0.0800030008 0.00999800023 0.0600029975
  vertex -0.0800030008 0.00999800023 -0.0490029976
  vertex -0.097002998 0.00999800023 -0.0490029976
  endloop
 endfacet

 facet normal 0 1 0
  outer loop
  vertex -0.0800030008 0.00999800023 0.0600029975
  vertex -0.097002998 0.00999800023 -0.0490029976
  vertex -0.097002998 0.00999800023 0.0600029975
  endloop
 endfacet

 facet normal 0 -1 0
  outer loop
  vertex -0.0683740005 0.0149999997 -0.0677319989
  vertex -0.0677319989 0.0149999997 -0.0683740005
  vertex -0.0549999997 0.0149999997 -0.0590000004
  endloop
 endfacet

 facet normal 0 -1 0
  outer loop
  vertex -0.0674979985 0.0149999997 -0.0692500025
  vertex -0.0677319989 0.0149999997 -0.0701259971
  vertex -0.0549999997 0.0149999997 -0.0850000009
  endloop
 endfacet

 facet normal 0 -1 0
  outer loop
  vertex -0.0677319989 0.0149999997 -0.0701259971
  vertex -0.0683740005 0.0149999997 -0.0707679987
  vertex -0.0549999997 0.0149999997 -0.0850000009
  endloop
 endfacet

 facet normal 1 0 0
  outer loop
  vertex -0.0800030008 0.00999800023 0.0600029975
  vertex -0.0800030008 -2.22044608e-17 0.100000001
  vertex -0.0800030008 0.00999800023 -0.0490029976
  endloop
 endfacet

 facet normal -0.175943017 0.44647342 -0.877328634
  outer loop
  vertex 0.101565801 0.0299999993 0.0793775097
  vertex 0.101924613 0.0299999993 0.0793055519
  vertex 0.101443782 0.028131336 0.0784510151
  endloop
 endfacet

 facet normal -0.175953135 0.446474791 -0.877325952
  outer loop
  vertex 0.101678856 0.0281000603 0.0783879533
  vertex 0.101443782 0.028131336 0.0784510151
  vertex 0.101924613 0.0299999993 0.0793055519
  endloop
 endfacet

 facet normal -0.877322853 0.446474522 -0.175969034
  outer loop
  vertex 0.103905551 0.0299999993 -0.0680753887
  vertex 0.102954432 0.0279365275 -0.0685689375
  vertex 0.102894656 0.0279068835 -0.0683461279
  endloop
 endfacet

 facet normal -0.674012601 0.446459591 -0.588541389
  outer loop
  vertex -0.0670281872 0.0299999993 -0.0675949082
  vertex -0.0678672045 0.0278845411 -0.0682388023
  vertex -0.067269057 0.0299999993 -0.0673190579
  endloop
 endfacet

 facet normal 0 1 0
  outer loop
  vertex -0.0707809404 0.0299999993 0.079180941
  vertex -0.100000001 0.0299999993 0.0980009586
  vertex -0.0705050901 0.0299999993 0.0794218108
  endloop
 endfacet

 facet normal 1 0 0
  outer loop
  vertex -0.097002998 0.00999800023 0.0600029975
  vertex -0.097002998 0.00999800023 -0.0490029976
  vertex -0.097002998 0.0230030008 -0.0490029976
  endloop
 endfacet

 facet normal 1 0 0
  outer loop
  vertex -0.097002998 0.00999800023 0.0600029975
  vertex -0.097002998 0.0230030008 -0.0490029976
  vertex -0.097002998 0.0230030008 0.0600029975
  endloop
 endfacet

 facet normal 0 -1 0
  outer loop
  vertex -0.0683740005 0.0149999997 -0.0677319989
  vertex -0.0549999997 0.0149999997 -0.0590000004
  vertex -0.0692500025 0.0149999997 -0.0674979985
  endloop
 endfacet

 facet normal 0 -1 0
  outer loop
  vertex -0.0790000036 0.0149999997 -0.0590000004
  vertex -0.0692500025 0.0149999997 -0.0674979985
  vertex -0.0549999997 0.0149999997 -0.0590000004
  endloop
 endfacet

 facet normal -0.258050829 0 0.96613133
  outer loop
  vertex -0.0678739995 0.0149999997 0.0757320002
  vertex -0.0678739995 0.0278758295 0.0757320002
  vertex -0.0679420903 0.0278302561 0.0757138133
  endloop
 endfacet

 facet normal -0.258054435 -2.05895052e-08 0.966130376
  outer loop
  vertex -0.0678739995 0.0149999997 0.0757320002
  vertex -0.0679420903 0.0278302561 0.0757138133
  vertex -0.0681604743 0.0277417842 0.0756554827
  endloop
 endfacet

 facet normal -0.877324224 0.446473926 -0.175963998
  outer loop
  vertex 0.103977516 0.0299999993 -0.0684341937
  vertex 0.102954432 0.0279365275 -0.0685689375
  vertex 0.103905551 0.0299999993 -0.0680753887
  endloop
 endfacet

 facet normal 0 0 -1
  outer loop
  vertex -0.097002998 0.0230030008 0.0600029975
  vertex -0.0799999982 0.0230030008 0.0600029975
  vertex -0.0800030008 0.0140030002 0.0600029975
  endloop
 endfacet

 facet normal 0 0 -1
  outer loop
  vertex -0.0799999982 0.0140030002 0.0600029975
  vertex -0.0800030008 0.0140030002 0.0600029975
  vertex -0.0799999982 0.0230030008 0.0600029975
  endloop
 endfacet

 facet normal -0.802775145 0.446416378 0.395303071
  outer loop
  vertex 0.103787616 0.0299999993 0.0755285695
  vertex 0.1036257 0.0299999993 0.075199753
  vertex 0.102767996 0.0278605726 0.0758740008
  endloop
 endfacet

 facet normal -0.802796423 0.44641906 0.395256937
  outer loop
  vertex 0.102786526 0.0278327297 0.0759430826
  vertex 0.103787616 0.0299999993 0.0755285695
  vertex 0.102767996 0.0278605726 0.0758740008
  endloop
 endfacet

 facet normal -0.743806481 0.446414888 -0.497459173
  outer loop
  vertex -0.0677204877 0.0279303025 -0.0684170872
  vertex -0.0677319989 0.0279591363 -0.0683740005
  vertex -0.0668243021 0.0299999993 -0.0678997487
  endloop
 endfacet

 facet normal 0 -1 0
  outer loop
  vertex -0.0790000036 0.0149999997 -0.0590000004
  vertex -0.0790000036 0.0149999997 -0.0910005048
  vertex -0.0710029975 0.0149999997 -0.0692500025
  endloop
 endfacet

 facet normal 0 -1 0
  outer loop
  vertex -0.0707679987 0.0149999997 -0.0683740005
  vertex -0.0790000036 0.0149999997 -0.0590000004
  vertex -0.0710029975 0.0149999997 -0.0692500025
  endloop
 endfacet

 facet normal 0 -1 0
  outer loop
  vertex -0.0707679987 0.0149999997 -0.0701259971
  vertex -0.0710029975 0.0149999997 -0.0692500025
  vertex -0.0790000036 0.0149999997 -0.0910005048
  endloop
 endfacet

 facet normal -0.965850055 4.02844165e-07 -0.259101629
  outer loop
  vertex 0.102767996 0.0149999997 -0.0678739995
  vertex 0.102894656 0.0279068835 -0.0683461279
  vertex 0.103002995 0.0149999997 -0.0687500015
  endloop
 endfacet

 facet normal -0.802796125 0.446412683 0.395264566
  outer loop
  vertex 0.102654427 0.0277569015 0.0757604241
  vertex 0.102767996 0.0278605726 0.0758740008
  vertex 0.1036257 0.0299999993 0.075199753
  endloop
 endfacet

 facet normal 0 0 -1
  outer loop
  vertex -0.0800030008 0.00999800023 0.0600029975
  vertex -0.097002998 0.00999800023 0.0600029975
  vertex -0.0800030008 0.0140030002 0.0600029975
  endloop
 endfacet

 facet normal 0 0 -1
  outer loop
  vertex -0.097002998 0.0230030008 0.0600029975
  vertex -0.0800030008 0.0140030002 0.0600029975
  vertex -0.097002998 0.00999800023 0.0600029975
  endloop
 endfacet

 facet normal 0 -1 0
  outer loop
  vertex -0.0707679987 0.0149999997 -0.0683740005
  vertex -0.0701259971 0.0149999997 -0.0677319989
  vertex -0.0790000036 0.0149999997 -0.0590000004
  endloop
 endfacet

 facet normal -0.802778125 0.446412265 -0.395301789
  outer loop
  vertex -0.0676604509 0.0278392509 -0.068641834
  vertex -0.0677204877 0.0279303025 -0.0684170872
  vertex -0.0666623861 0.0299999993 -0.0682285801
  endloop
 endfacet

 facet normal 0 -1 0
  outer loop
  vertex -0.0799999982 0.0140030002 0.0670000017
  vertex -0.0800030008 0.0140030002 0.0991364494
  vertex -0.0800030008 0.0140030002 0.0600029975
  endloop
 endfacet

 facet normal 0 -1 0
  outer loop
  vertex -0.0799999982 0.0140030002 0.0670000017
  vertex -0.0800030008 0.0140030002 0.0600029975
  vertex -0.0799999982 0.0140030002 0.0600029975
  endloop
 endfacet

 facet normal -0.288089812 0.446420372 -0.847179532
  outer loop
  vertex 0.102271423 0.0299999993 0.0791876167
  vertex 0.101914175 0.0281321201 0.0783248246
  vertex 0.101924613 0.0299999993 0.0793055519
  endloop
 endfacet

 facet normal -0.288091809 0.446420044 -0.847178936
  outer loop
  vertex 0.101678856 0.0281000603 0.0783879533
  vertex 0.101924613 0.0299999993 0.0793055519
  vertex 0.101914175 0.0281321201 0.0783248246
  endloop
 endfacet

 facet normal -0.707106829 0 -0.707106769
  outer loop
  vertex 0.102611087 0.0279558692 -0.0677170902
  vertex 0.102767996 0.0149999997 -0.0678739995
  vertex 0.102446996 0.0279244557 -0.0675529987
  endloop
 endfacet

 facet normal -0.965858698 0 0.259069294
  outer loop
  vertex 0.102767996 0.0278605726 0.0758740008
  vertex 0.102767996 0.0149999997 0.0758740008
  vertex 0.102786526 0.0278327297 0.0759430826
  endloop
 endfacet

 facet normal 0.997785211 -0.0665190145 0
  outer loop
  vertex -0.0790664703 0.0140030002 -0.091067113
  vertex -0.0790000036 0.0149999997 -0.0910005048
  vertex -0.0790664703 0.0140030002 -0.0590000004
  endloop
 endfacet

 facet normal 0.997785211 -0.0665190145 0
  outer loop
  vertex -0.0790000036 0.0149999997 -0.0590000004
  vertex -0.0790664703 0.0140030002 -0.0590000004
  vertex -0.0790000036 0.0149999997 -0.0910005048
  endloop
 endfacet

 facet normal 1 0 0
  outer loop
  vertex -0.0800030008 0.0140030002 0.0991364494
  vertex -0.0800030008 0.00107049651 0.100000001
  vertex -0.0800030008 0.00999800023 0.0600029975
  endloop
 endfacet

 facet normal 1 0 0
  outer loop
  vertex -0.0800030008 2.04281037e-17 -0.0920000002
  vertex -0.0800030008 0.00999800023 -0.0490029976
  vertex -0.0800030008 -2.22044608e-17 0.100000001
  endloop
 endfacet

 facet normal 1 0 0
  outer loop
  vertex -0.0800030008 0.0140030002 0.0600029975
  vertex -0.0800030008 0.0140030002 0.0991364494
  vertex -0.0800030008 0.00999800023 0.0600029975
  endloop
 endfacet

 facet normal 0 1 0
  outer loop
  vertex -0.069524616 0.0299999993 0.0799055472
  vertex -0.0716030002 0.0299999993 0.0980964229
  vertex -0.0691658035 0.0299999993 0.0799775198
  endloop
 endfacet

 facet normal 0 0 1
  outer loop
  vertex -0.0799999982 0.0230030008 -0.0490029976
  vertex -0.0800030008 0.0140030002 -0.0490029976
  vertex -0.0799999982 0.0140030002 -0.0490029976
  endloop
 endfacet

 facet normal -0.395393491 0.446418643 -0.802729368
  outer loop
  vertex 0.102149367 0.0281961635 0.0782446265
  vertex 0.102126002 0.0282174964 0.078267999
  vertex 0.102600247 0.0299999993 0.0790257007
  endloop
 endfacet

 facet normal -1 0 0
  outer loop
  vertex -0.100000001 2.04281037e-17 -0.0920000002
  vertex -0.100000001 -2.22044608e-17 0.100000001
  vertex -0.100000001 4.18967575e-05 -0.0920000002
  endloop
 endfacet

 facet normal 0 0 1
  outer loop
  vertex -0.097002998 0.00999800023 -0.0490029976
  vertex -0.0800030008 0.00999800023 -0.0490029976
  vertex -0.0800030008 0.0140030002 -0.0490029976
  endloop
 endfacet

 facet normal 0 0 1
  outer loop
  vertex -0.0799999982 0.0230030008 -0.0490029976
  vertex -0.097002998 0.0230030008 -0.0490029976
  vertex -0.0800030008 0.0140030002 -0.0490029976
  endloop
 endfacet

 facet normal 0 0 1
  outer loop
  vertex -0.097002998 0.00999800023 -0.0490029976
  vertex -0.0800030008 0.0140030002 -0.0490029976
  vertex -0.097002998 0.0230030008 -0.0490029976
  endloop
 endfacet

 facet normal -0.877323985 0.446474522 -0.175963938
  outer loop
  vertex -0.0664724857 0.0299999993 -0.0689341947
  vertex -0.0675446391 0.0278375633 -0.0690753981
  vertex -0.0665444508 0.0299999993 -0.0685753897
  endloop
 endfacet

 facet normal 3.83455725e-23 -1 -2.22044605e-16
  outer loop
  vertex -0.100000001 -2.22044608e-17 0.100000001
  vertex -0.100000001 2.04281037e-17 -0.0920000002
  vertex -0.0800030008 2.04281037e-17 -0.0920000002
  endloop
 endfacet

 facet normal 0 -1 0
  outer loop
  vertex -0.0800030008 0.0140030002 -0.0490029976
  vertex -0.0799999982 0.0140030002 -0.0590000004
  vertex -0.0799999982 0.0140030002 -0.0490029976
  endloop
 endfacet

 facet normal 0 0.0666600615 -0.997775853
  outer loop
  vertex -0.0799999982 0.0140030002 -0.091067113
  vertex -0.0800030008 0.0140030002 -0.091067113
  vertex -0.0799999982 0.0149999997 -0.0910005048
  endloop
 endfacet

 facet normal -0.395296335 0.446414173 -0.802779675
  outer loop
  vertex 0.102600247 0.0299999993 0.0790257007
  vertex 0.102126002 0.0282174964 0.078267999
  vertex 0.102271423 0.0299999993 0.0791876167
  endloop
 endfacet

 facet normal -0.395283997 0.446415842 -0.80278486
  outer loop
  vertex 0.101914175 0.0281321201 0.0783248246
  vertex 0.102271423 0.0299999993 0.0791876167
  vertex 0.102126002 0.0282174964 0.078267999
  endloop
 endfacet

 facet normal -0.893050134 0.446444571 -0.0561134778
  outer loop
  vertex -0.0664495006 0.0299999993 -0.0693000033
  vertex -0.0674979985 0.0279089101 -0.0692500025
  vertex -0.0664724857 0.0299999993 -0.0689341947
  endloop
 endfacet

 facet normal 0 0.0666717663 -0.997774959
  outer loop
  vertex -0.0800030008 4.18967575e-05 -0.0920000002
  vertex -0.100000001 4.18967575e-05 -0.0920000002
  vertex -0.0800030008 0.0140030002 -0.091067113
  endloop
 endfacet

 facet normal -0.743798912 0.446413606 0.49747169
  outer loop
  vertex 0.1036257 0.0299999993 0.075199753
  vertex 0.103421815 0.0299999993 0.0748949125
  vertex 0.102654427 0.0277569015 0.0757604241
  endloop
 endfacet

 facet normal -0.892858982 0.446510494 -0.0585771315
  outer loop
  vertex 0.1040015 0.0299999993 -0.0688000023
  vertex 0.102989584 0.0279765353 -0.0688000023
  vertex 0.103002995 0.028009912 -0.0687500015
  endloop
 endfacet

 facet normal -0.892864466 0.446508884 -0.0585055165
  outer loop
  vertex 0.102954432 0.0279365275 -0.0685689375
  vertex 0.103977516 0.0299999993 -0.0684341937
  vertex 0.103002995 0.028009912 -0.0687500015
  endloop
 endfacet

 facet normal -0.892860591 0.446512192 -0.0585383996
  outer loop
  vertex 0.1040015 0.0299999993 -0.0688000023
  vertex 0.103002995 0.028009912 -0.0687500015
  vertex 0.103977516 0.0299999993 -0.0684341937
  endloop
 endfacet

 facet normal 0 -1 0
  outer loop
  vertex -0.0799999982 0.0140030002 -0.0590000004
  vertex -0.0800030008 0.0140030002 -0.0490029976
  vertex -0.0800030008 0.0140030002 -0.091067113
  endloop
 endfacet

 facet normal 0 -1 0
  outer loop
  vertex -0.0799999982 0.0140030002 -0.0590000004
  vertex -0.0800030008 0.0140030002 -0.091067113
  vertex -0.0799999982 0.0140030002 -0.091067113
  endloop
 endfacet

 facet normal 0 0 1
  outer loop
  vertex -0.0799999982 0.0270000007 -0.0590000004
  vertex -0.0790000036 0.0149999997 -0.0590000004
  vertex -0.0549999997 0.0270000007 -0.0590000004
  endloop
 endfacet

 facet normal 0 0 1
  outer loop
  vertex -0.0549999997 0.0149999997 -0.0590000004
  vertex -0.0549999997 0.0270000007 -0.0590000004
  vertex -0.0790000036 0.0149999997 -0.0590000004
  endloop
 endfacet

 facet normal -0.288106024 0.446421236 0.847173572
  outer loop
  vertex -0.067728579 0.0299999993 0.0746123865
  vertex -0.0680753887 0.0299999993 0.0744944438
  vertex -0.0681604743 0.0277417842 0.0756554827
  endloop
 endfacet

 facet normal -0.743803561 0.446412802 0.497465432
  outer loop
  vertex 0.102497935 0.0276705548 0.0756039247
  vertex 0.102654427 0.0277569015 0.0757604241
  vertex 0.103421815 0.0299999993 0.0748949125
  endloop
 endfacet

 facet normal 1 0 0
  outer loop
  vertex -0.0800030008 0.0140030002 -0.0490029976
  vertex -0.0800030008 0.00999800023 -0.0490029976
  vertex -0.0800030008 0.0140030002 -0.091067113
  endloop
 endfacet

 facet normal 1 0 0
  outer loop
  vertex -0.0800030008 2.04281037e-17 -0.0920000002
  vertex -0.0800030008 4.18967575e-05 -0.0920000002
  vertex -0.0800030008 0.00999800023 -0.0490029976
  endloop
 endfacet

 facet normal 1 0 0
  outer loop
  vertex -0.0800030008 0.0140030002 -0.091067113
  vertex -0.0800030008 0.00999800023 -0.0490029976
  vertex -0.0800030008 4.18967575e-05 -0.0920000002
  endloop
 endfacet

 facet normal -0.707092047 -4.51513557e-07 -0.707121611
  outer loop
  vertex 0.102149367 0.0281961635 0.0782446265
  vertex 0.102326334 0.0280985255 0.0780676678
  vertex 0.102126002 0.0149999997 0.078267999
  endloop
 endfacet

 facet normal 0 0 1
  outer loop
  vertex -0.0799999982 0.0149999997 -0.0590000004
  vertex -0.0790000036 0.0149999997 -0.0590000004
  vertex -0.0799999982 0.0270000007 -0.0590000004
  endloop
 endfacet

 facet normal 0 0.066660054 -0.997775853
  outer loop
  vertex -0.0790664703 0.0140030002 -0.091067113
  vertex -0.0799999982 0.0140030002 -0.091067113
  vertex -0.0799999982 0.0149999997 -0.0910005048
  endloop
 endfacet

 facet normal 2.88884339e-09 0.066660054 -0.997775733
  outer loop
  vertex -0.0790664703 0.0140030002 -0.091067113
  vertex -0.0799999982 0.0149999997 -0.0910005048
  vertex -0.0790000036 0.0149999997 -0.0910005048
  endloop
 endfacet

 facet normal -0.25813213 -1.89057278e-06 0.966109693
  outer loop
  vertex -0.0681604743 0.0277417842 0.0756554827
  vertex -0.0683712587 0.0277126096 0.0755991638
  vertex -0.0678739995 0.0149999997 0.0757320002
  endloop
 endfacet

 facet normal -0.707123697 1.12305585e-07 0.707089961
  outer loop
  vertex 0.102497935 0.0276705548 0.0756039247
  vertex 0.102767996 0.0149999997 0.0758740008
  vertex 0.102654427 0.0277569015 0.0757604241
  endloop
 endfacet

 facet normal 0 0 1
  outer loop
  vertex -0.0799999982 0.0149999997 -0.0590000004
  vertex -0.0799999982 0.0140030002 -0.0590000004
  vertex -0.0790664703 0.0140030002 -0.0590000004
  endloop
 endfacet

 facet normal 0 0 1
  outer loop
  vertex -0.0799999982 0.0149999997 -0.0590000004
  vertex -0.0790664703 0.0140030002 -0.0590000004
  vertex -0.0790000036 0.0149999997 -0.0590000004
  endloop
 endfacet

 facet normal 0 -1 0
  outer loop
  vertex -0.0790664703 0.0140030002 -0.0590000004
  vertex -0.0799999982 0.0140030002 -0.0590000004
  vertex -0.0799999982 0.0140030002 -0.091067113
  endloop
 endfacet

 facet normal 0 -1 0
  outer loop
  vertex -0.0790664703 0.0140030002 -0.0590000004
  vertex -0.0799999982 0.0140030002 -0.091067113
  vertex -0.0790664703 0.0140030002 -0.091067113
  endloop
 endfacet

 facet normal -0.259102255 0 -0.965849876
  outer loop
  vertex 0.102126002 0.0282174964 0.078267999
  vertex 0.102126002 0.0149999997 0.078267999
  vertex 0.101914175 0.0281321201 0.0783248246
  endloop
 endfacet

 facet normal -0.965863228 0 -0.259052604
  outer loop
  vertex 0.103002995 0.028009912 -0.0687500015
  vertex 0.103002995 0.0149999997 -0.0687500015
  vertex 0.102954432 0.0279365275 -0.0685689375
  endloop
 endfacet

 facet normal -0.965846479 -2.63241105e-07 0.259114891
  outer loop
  vertex 0.102786526 0.0278327297 0.0759430826
  vertex 0.102767996 0.0149999997 0.0758740008
  vertex 0.102844596 0.0278032385 0.0761595368
  endloop
 endfacet

 facet normal 0 0 1
  outer loop
  vertex 0.112000003 0.0149999997 -0.0590000004
  vertex 0.111000001 0.0149999997 -0.0590000004
  vertex 0.111066468 0.0140030002 -0.0590000004
  endloop
 endfacet

 facet normal 0 0 1
  outer loop
  vertex 0.112000003 0.0149999997 -0.0590000004
  vertex 0.111066468 0.0140030002 -0.0590000004
  vertex 0.112000003 0.0140030002 -0.0590000004
  endloop
 endfacet

 facet normal 0 1 0
  outer loop
  vertex -0.0698714331 0.0299999993 0.0746123865
  vertex -0.0703214258 0.0299999993 -0.0667123869
  vertex -0.0702002496 0.0299999993 0.0747743025
  endloop
 endfacet

 facet normal -1 0 0
  outer loop
  vertex 0.0869999975 0.0270000007 -0.0590000004
  vertex 0.0869999975 0.0270000007 -0.0850000009
  vertex 0.0869999975 0.0149999997 -0.0850000009
  endloop
 endfacet

 facet normal -1 0 0
  outer loop
  vertex 0.0869999975 0.0270000007 -0.0590000004
  vertex 0.0869999975 0.0149999997 -0.0850000009
  vertex 0.0869999975 0.0149999997 -0.0590000004
  endloop
 endfacet

 facet normal 0 0 1
  outer loop
  vertex 0.0869999975 0.0270000007 -0.0590000004
  vertex 0.111000001 0.0149999997 -0.0590000004
  vertex 0.112000003 0.0270000007 -0.0590000004
  endloop
 endfacet

 facet normal 0 0 1
  outer loop
  vertex 0.112000003 0.0270000007 -0.0590000004
  vertex 0.111000001 0.0149999997 -0.0590000004
  vertex 0.112000003 0.0149999997 -0.0590000004
  endloop
 endfacet

 facet normal -0.49748382 0.446415365 -0.743789792
  outer loop
  vertex 0.102600247 0.0299999993 0.0790257007
  vertex 0.102905087 0.0299999993 0.0788218081
  vertex 0.102149367 0.0281961635 0.0782446265
  endloop
 endfacet

 facet normal 0.0561286435 0.446446061 -0.893048465
  outer loop
  vertex -0.0694792643 0.0279089585 -0.0675592422
  vertex -0.0696158037 0.0299999993 -0.0665224865
  vertex -0.0692500025 0.028002644 -0.0674979985
  endloop
 endfacet

 facet normal -0.997785211 -0.0665190145 0
  outer loop
  vertex 0.111000001 0.0149999997 -0.0590000004
  vertex 0.111000001 0.0149999997 -0.0910005048
  vertex 0.111066468 0.0140030002 -0.0590000004
  endloop
 endfacet

 facet normal -0.997785211 -0.0665190145 0
  outer loop
  vertex 0.111066468 0.0140030002 -0.091067113
  vertex 0.111066468 0.0140030002 -0.0590000004
  vertex 0.111000001 0.0149999997 -0.0910005048
  endloop
 endfacet

 facet normal 0 0 1
  outer loop
  vertex 0.111000001 0.0149999997 -0.0590000004
  vertex 0.0869999975 0.0270000007 -0.0590000004
  vertex 0.0869999975 0.0149999997 -0.0590000004
  endloop
 endfacet

 facet normal 3.09450288e-09 0.0666600615 -0.997775853
  outer loop
  vertex 0.112000003 0.0149999997 -0.0910005048
  vertex 0.112000003 0.0140030002 -0.091067113
  vertex 0.111066468 0.0140030002 -0.091067113
  endloop
 endfacet

 facet normal 0 0.066660054 -0.997775853
  outer loop
  vertex 0.112000003 0.0149999997 -0.0910005048
  vertex 0.111066468 0.0140030002 -0.091067113
  vertex 0.111000001 0.0149999997 -0.0910005048
  endloop
 endfacet

 facet normal -0.892861009 0.446511447 0.0585396178
  outer loop
  vertex 0.1040015 0.0299999993 -0.0688000023
  vertex 0.103977516 0.0299999993 -0.0691658035
  vertex 0.102989584 0.0279765353 -0.0688000023
  endloop
 endfacet

 facet normal -0.892862678 0.446509838 0.0585263036
  outer loop
  vertex 0.102928519 0.0278842654 -0.0690276474
  vertex 0.102989584 0.0279765353 -0.0688000023
  vertex 0.103977516 0.0299999993 -0.0691658035
  endloop
 endfacet

 facet normal 0 -1 0
  outer loop
  vertex 0.112000003 0.0140030002 -0.091067113
  vertex 0.112000003 0.0140030002 -0.0590000004
  vertex 0.111066468 0.0140030002 -0.0590000004
  endloop
 endfacet

 facet normal 0 -1 0
  outer loop
  vertex 0.112000003 0.0140030002 -0.091067113
  vertex 0.111066468 0.0140030002 -0.0590000004
  vertex 0.111066468 0.0140030002 -0.091067113
  endloop
 endfacet

 facet normal 0 1 0
  outer loop
  vertex -0.0702002496 0.0299999993 0.0747743025
  vertex -0.0706502497 0.0299999993 -0.0668742955
  vertex -0.0705050901 0.0299999993 0.0749781877
  endloop
 endfacet

 facet normal 0 0 -1
  outer loop
  vertex -0.0800030008 4.18967575e-05 -0.0920000002
  vertex -0.0800030008 2.04281037e-17 -0.0920000002
  vertex -0.100000001 2.04281037e-17 -0.0920000002
  endloop
 endfacet

 facet normal 0 0 -1
  outer loop
  vertex -0.0800030008 4.18967575e-05 -0.0920000002
  vertex -0.100000001 2.04281037e-17 -0.0920000002
  vertex -0.100000001 4.18967575e-05 -0.0920000002
  endloop
 endfacet

 facet normal -0.893048763 0.446444809 0.0561319664
  outer loop
  vertex -0.0675704405 0.0277855173 -0.0695212036
  vertex -0.0675113499 0.0278759077 -0.0693000033
  vertex -0.0664724857 0.0299999993 -0.0696658045
  endloop
 endfacet

 facet normal -0.175946295 0.446475983 0.877326727
  outer loop
  vertex -0.0684341937 0.0299999993 0.0744224861
  vertex -0.0685817674 0.0277401451 0.0755429417
  vertex -0.0680753887 0.0299999993 0.0744944438
  endloop
 endfacet

 facet normal -0.175915465 0.446472764 0.877334535
  outer loop
  vertex -0.0683712587 0.0277126096 0.0755991638
  vertex -0.0680753887 0.0299999993 0.0744944438
  vertex -0.0685817674 0.0277401451 0.0755429417
  endloop
 endfacet

 facet normal -0.965861261 0 0.259059817
  outer loop
  vertex 0.103002995 0.0149999997 -0.0687500015
  vertex 0.103002995 0.028009912 -0.0687500015
  vertex 0.102989584 0.0279765353 -0.0688000023
  endloop
 endfacet

 facet normal -0.965854108 1.11556709e-07 0.259086847
  outer loop
  vertex 0.103002995 0.0149999997 -0.0687500015
  vertex 0.102989584 0.0279765353 -0.0688000023
  vertex 0.102928519 0.0278842654 -0.0690276474
  endloop
 endfacet

 facet normal 0 -1 0
  outer loop
  vertex 0.10125 0.0149999997 -0.0705029964
  vertex 0.111000001 0.0149999997 -0.0910005048
  vertex 0.102126002 0.0149999997 -0.0702679977
  endloop
 endfacet

 facet normal -0.674005449 0.446454614 0.588553369
  outer loop
  vertex 0.103421815 0.0299999993 0.0748949125
  vertex 0.103180937 0.0299999993 0.0746190622
  vertex 0.102497935 0.0276705548 0.0756039247
  endloop
 endfacet

 facet normal -0.497469246 0.446412891 -0.743801057
  outer loop
  vertex 0.102326334 0.0280985255 0.0780676678
  vertex 0.102149367 0.0281961635 0.0782446265
  vertex 0.102905087 0.0299999993 0.0788218081
  endloop
 endfacet

 facet normal -0.877315164 0.446477234 0.176000446
  outer loop
  vertex -0.0665444508 0.0299999993 -0.0700246096
  vertex -0.0676274449 0.0277576093 -0.0697345585
  vertex -0.0675704405 0.0277855173 -0.0695212036
  endloop
 endfacet

 facet normal -0.965845227 1.0055943e-06 -0.2591196
  outer loop
  vertex 0.102954432 0.0279365275 -0.0685689375
  vertex 0.103002995 0.0149999997 -0.0687500015
  vertex 0.102894656 0.0279068835 -0.0683461279
  endloop
 endfacet

 facet normal -0.707091451 -4.70321623e-07 -0.707122207
  outer loop
  vertex 0.102326334 0.0280985255 0.0780676678
  vertex 0.102497004 0.0280658528 0.0778970048
  vertex 0.102126002 0.0149999997 0.078267999
  endloop
 endfacet

 facet normal 0 1 0
  outer loop
  vertex -0.0712257028 0.0299999993 0.0757997483
  vertex -0.0710218102 0.0299999993 0.0754949078
  vertex -0.100000001 0.0299999993 -0.0899982005
  endloop
 endfacet

 facet normal 0 1 0
  outer loop
  vertex -0.0710218102 0.0299999993 0.0754949078
  vertex -0.0707809404 0.0299999993 0.075219065
  vertex -0.100000001 0.0299999993 -0.0899982005
  endloop
 endfacet

 facet normal -0.673983574 0.446457803 0.588575959
  outer loop
  vertex 0.102347001 0.0276416615 0.0754530057
  vertex 0.102497935 0.0276705548 0.0756039247
  vertex 0.103180937 0.0299999993 0.0746190622
  endloop
 endfacet

 facet normal -0.877324522 0.44647342 0.175963968
  outer loop
  vertex -0.0675704405 0.0277855173 -0.0695212036
  vertex -0.0664724857 0.0299999993 -0.0696658045
  vertex -0.0665444508 0.0299999993 -0.0700246096
  endloop
 endfacet

 facet normal 0 1 0
  outer loop
  vertex -0.100000001 0.0299999993 -0.0899982005
  vertex -0.0713876113 0.0299999993 0.0761285722
  vertex -0.0712257028 0.0299999993 0.0757997483
  endloop
 endfacet

 facet normal -0.707130015 0 0.707083642
  outer loop
  vertex 0.102767996 0.0278605726 0.0758740008
  vertex 0.102654427 0.0277569015 0.0757604241
  vertex 0.102767996 0.0149999997 0.0758740008
  endloop
 endfacet

 facet normal -0.87732619 0.446473658 0.175954416
  outer loop
  vertex 0.102928519 0.0278842654 -0.0690276474
  vertex 0.103905551 0.0299999993 -0.069524616
  vertex 0.10286963 0.027855061 -0.0692471713
  endloop
 endfacet

 facet normal 0 -1 0
  outer loop
  vertex 0.0869999975 0.0270000007 -0.0590000004
  vertex -0.0549999997 0.0270000007 -0.0850000009
  vertex 0.0869999975 0.0270000007 -0.0850000009
  endloop
 endfacet

 facet normal 0 -1 0
  outer loop
  vertex 0.102767996 0.0149999997 -0.0678739995
  vertex 0.111000001 0.0149999997 -0.0590000004
  vertex 0.102126002 0.0149999997 -0.0672320053
  endloop
 endfacet

 facet normal 0 1 0
  outer loop
  vertex -0.071505554 0.0299999993 0.0764753893
  vertex -0.0713876113 0.0299999993 0.0761285722
  vertex -0.100000001 0.0299999993 0.0980009586
  endloop
 endfacet

 facet normal 0 1 0
  outer loop
  vertex -0.0715775117 0.0299999993 0.0768341944
  vertex -0.071505554 0.0299999993 0.0764753893
  vertex -0.100000001 0.0299999993 0.0980009586
  endloop
 endfacet

 facet normal -0.8773247 0.446474373 0.175960347
  outer loop
  vertex 0.102928519 0.0278842654 -0.0690276474
  vertex 0.103977516 0.0299999993 -0.0691658035
  vertex 0.103905551 0.0299999993 -0.069524616
  endloop
 endfacet

 facet normal -0.588542879 0.446455091 -0.67401433
  outer loop
  vertex 0.102905087 0.0299999993 0.0788218081
  vertex 0.103180937 0.0299999993 0.0785809383
  vertex 0.102326334 0.0280985255 0.0780676678
  endloop
 endfacet

 facet normal 0 -1 0
  outer loop
  vertex 0.016384 0.0270000007 -0.0109999999
  vertex 0.0159619991 0.0270000007 -0.0109999999
  vertex -0.0549999997 0.0270000007 -0.0850000009
  endloop
 endfacet

 facet normal 0 -1 0
  outer loop
  vertex 0.0869999975 0.0270000007 -0.0590000004
  vertex 0.016384 0.0270000007 -0.0109999999
  vertex -0.0549999997 0.0270000007 -0.0850000009
  endloop
 endfacet

 facet normal -0.0561290309 0.446446508 0.893048227
  outer loop
  vertex -0.0685817674 0.0277401451 0.0755429417
  vertex -0.0684341937 0.0299999993 0.0744224861
  vertex -0.0687500015 0.0278088935 0.0754979998
  endloop
 endfacet

 facet normal -0.0561134629 0.446445078 0.893049896
  outer loop
  vertex -0.0684341937 0.0299999993 0.0744224861
  vertex -0.0688000023 0.0299999993 0.0743995011
  vertex -0.0687500015 0.0278088935 0.0754979998
  endloop
 endfacet

 facet normal -0.965850949 3.85901302e-07 0.259098738
  outer loop
  vertex 0.102928519 0.0278842654 -0.0690276474
  vertex 0.10286963 0.027855061 -0.0692471713
  vertex 0.103002995 0.0149999997 -0.0687500015
  endloop
 endfacet

 facet normal -0.847181439 0.446420282 0.288084239
  outer loop
  vertex -0.0666623861 0.0299999993 -0.0703714266
  vertex -0.0676845089 0.0277871806 -0.0699482039
  vertex -0.0665444508 0.0299999993 -0.0700246096
  endloop
 endfacet

 facet normal -0.847185135 0.446421802 0.288071096
  outer loop
  vertex -0.0676274449 0.0277576093 -0.0697345585
  vertex -0.0665444508 0.0299999993 -0.0700246096
  vertex -0.0676845089 0.0277871806 -0.0699482039
  endloop
 endfacet

 facet normal 0 -1 0
  outer loop
  vertex 0.100373998 0.0149999997 -0.0672320053
  vertex 0.0869999975 0.0149999997 -0.0590000004
  vertex 0.0997320041 0.0149999997 -0.0678739995
  endloop
 endfacet

 facet normal -0.588529944 0.446452737 -0.674027085
  outer loop
  vertex 0.102497004 0.0280658528 0.0778970048
  vertex 0.102326334 0.0280985255 0.0780676678
  vertex 0.103180937 0.0299999993 0.0785809383
  endloop
 endfacet

 facet normal 0 -1 0
  outer loop
  vertex 0.0994980037 0.0149999997 -0.0687500015
  vertex 0.0869999975 0.0149999997 -0.0850000009
  vertex 0.0997320041 0.0149999997 -0.0696259961
  endloop
 endfacet

 facet normal -0.588542402 0.446456492 0.674013853
  outer loop
  vertex 0.102905087 0.0299999993 0.0743781924
  vertex 0.102196068 0.0276705548 0.0753020719
  vertex 0.103180937 0.0299999993 0.0746190622
  endloop
 endfacet

 facet normal -0.966124475 -6.95707627e-07 0.25807637
  outer loop
  vertex -0.0674979985 0.0149999997 -0.0692500025
  vertex -0.0676274449 0.0277576093 -0.0697345585
  vertex -0.0677319989 0.0149999997 -0.0701259971
  endloop
 endfacet

 facet normal 0 0 1
  outer loop
  vertex 0.0869999975 0.0149999997 -0.0850000009
  vertex -0.0549999997 0.0270000007 -0.0850000009
  vertex -0.0549999997 0.0149999997 -0.0850000009
  endloop
 endfacet

 facet normal 0 -1 0
  outer loop
  vertex 0.0997320041 0.0149999997 -0.0696259961
  vertex 0.0869999975 0.0149999997 -0.0850000009
  vertex 0.100373998 0.0149999997 -0.0702679977
  endloop
 endfacet

 facet normal -0.258088678 0 0.966121197
  outer loop
  vertex -0.0687500015 0.0278088935 0.0754979998
  vertex -0.0687500015 0.0149999997 0.0754979998
  vertex -0.0685817674 0.0277401451 0.0755429417
  endloop
 endfacet

 facet normal -0.802750707 0.446416855 0.395352185
  outer loop
  vertex -0.0677638799 0.0278301109 -0.0701578781
  vertex -0.0677319989 0.0278592054 -0.0701259971
  vertex -0.0668243021 0.0299999993 -0.0707002506
  endloop
 endfacet

 facet normal 0 0 1
  outer loop
  vertex 0.0869999975 0.0270000007 -0.0850000009
  vertex -0.0549999997 0.0270000007 -0.0850000009
  vertex 0.0869999975 0.0149999997 -0.0850000009
  endloop
 endfacet

 facet normal 0 -1 0
  outer loop
  vertex 0.111000001 0.0149999997 -0.0910005048
  vertex 0.10125 0.0149999997 -0.0705029964
  vertex 0.0869999975 0.0149999997 -0.0850000009
  endloop
 endfacet

 facet normal 0 1 0
  outer loop
  vertex -0.0660944507 0.0299999993 0.0779246166
  vertex 0.0984944478 0.0299999993 0.0773246139
  vertex -0.0660224855 0.0299999993 0.0775658041
  endloop
 endfacet

 facet normal -0.847172678 0.446418285 0.288113177
  outer loop
  vertex 0.103905551 0.0299999993 -0.069524616
  vertex 0.102810673 0.0278850012 -0.0694669187
  vertex 0.10286963 0.027855061 -0.0692471713
  endloop
 endfacet

 facet normal -0.802779734 0.446414202 0.395296305
  outer loop
  vertex -0.0668243021 0.0299999993 -0.0707002506
  vertex -0.0677319989 0.0278592054 -0.0701259971
  vertex -0.0666623861 0.0299999993 -0.0703714266
  endloop
 endfacet

 facet normal -0.802788377 0.446416229 0.395276278
  outer loop
  vertex -0.0676845089 0.0277871806 -0.0699482039
  vertex -0.0666623861 0.0299999993 -0.0703714266
  vertex -0.0677319989 0.0278592054 -0.0701259971
  endloop
 endfacet

 facet normal 0 -1 0
  outer loop
  vertex 0.111000001 0.0149999997 -0.0590000004
  vertex 0.102767996 0.0149999997 -0.0678739995
  vertex 0.103002995 0.0149999997 -0.0687500015
  endloop
 endfacet

 facet normal 0 -1 0
  outer loop
  vertex 0.102767996 0.0149999997 -0.0696259961
  vertex 0.111000001 0.0149999997 -0.0910005048
  vertex 0.103002995 0.0149999997 -0.0687500015
  endloop
 endfacet

 facet normal 0 -1 0
  outer loop
  vertex 0.111000001 0.0149999997 -0.0590000004
  vertex 0.103002995 0.0149999997 -0.0687500015
  vertex 0.111000001 0.0149999997 -0.0910005048
  endloop
 endfacet

 facet normal 0 -1 0
  outer loop
  vertex 0.102767996 0.0149999997 -0.0696259961
  vertex 0.102126002 0.0149999997 -0.0702679977
  vertex 0.111000001 0.0149999997 -0.0910005048
  endloop
 endfacet

 facet normal -0.674027085 0.446452737 -0.588529944
  outer loop
  vertex 0.102497004 0.0280658528 0.0778970048
  vertex 0.103180937 0.0299999993 0.0785809383
  vertex 0.102667667 0.0280985255 0.0777263343
  endloop
 endfacet

 facet normal 0 1 0
  outer loop
  vertex 0.0983994976 0.0299999993 0.0766000003
  vertex 0.0984224826 0.0299999993 0.0762341991
  vertex -0.0660224855 0.0299999993 0.0768341944
  endloop
 endfacet

 facet normal -0.707106829 0 0.707106829
  outer loop
  vertex -0.0677319989 0.0149999997 -0.0701259971
  vertex -0.0677319989 0.0278592054 -0.0701259971
  vertex -0.0677638799 0.0278301109 -0.0701578781
  endloop
 endfacet

 facet normal 0 -1 0
  outer loop
  vertex 0.111000001 0.0149999997 -0.0590000004
  vertex 0.0869999975 0.0149999997 -0.0590000004
  vertex 0.10125 0.0149999997 -0.0669979975
  endloop
 endfacet

 facet normal 0 -1 0
  outer loop
  vertex 0.10125 0.0149999997 -0.0669979975
  vertex 0.102126002 0.0149999997 -0.0672320053
  vertex 0.111000001 0.0149999997 -0.0590000004
  endloop
 endfacet

 facet normal 0.0561146662 0.446443439 0.893050671
  outer loop
  vertex -0.0688000023 0.0299999993 0.0743995011
  vertex -0.0691658035 0.0299999993 0.0744224861
  vertex -0.0688000023 0.0277758911 0.0755113512
  endloop
 endfacet

 facet normal 1 0 0
  outer loop
  vertex -0.0549999997 0.0270000007 -0.0850000009
  vertex -0.0549999997 0.0270000007 -0.0590000004
  vertex -0.0549999997 0.0149999997 -0.0850000009
  endloop
 endfacet

 facet normal -0.965843081 -1.66939273e-07 0.259127796
  outer loop
  vertex 0.102810673 0.0278850012 -0.0694669187
  vertex 0.102767996 0.0149999997 -0.0696259961
  vertex 0.10286963 0.027855061 -0.0692471713
  endloop
 endfacet

 facet normal 0 -1 0
  outer loop
  vertex 0.100373998 0.0149999997 -0.0702679977
  vertex 0.0869999975 0.0149999997 -0.0850000009
  vertex 0.10125 0.0149999997 -0.0705029964
  endloop
 endfacet

 facet normal 0 -1 0
  outer loop
  vertex 0.0994980037 0.0149999997 -0.0687500015
  vertex 0.0997320041 0.0149999997 -0.0678739995
  vertex 0.0869999975 0.0149999997 -0.0590000004
  endloop
 endfacet

 facet normal 0 -1 0
  outer loop
  vertex 0.0869999975 0.0149999997 -0.0590000004
  vertex 0.0869999975 0.0149999997 -0.0850000009
  vertex 0.0994980037 0.0149999997 -0.0687500015
  endloop
 endfacet

 facet normal -0.674013078 0.44645533 -0.588544071
  outer loop
  vertex 0.103421815 0.0299999993 0.0783050805
  vertex 0.102667667 0.0280985255 0.0777263343
  vertex 0.103180937 0.0299999993 0.0785809383
  endloop
 endfacet

 facet normal -0.966128707 0 0.258060753
  outer loop
  vertex -0.0677319989 0.0278592054 -0.0701259971
  vertex -0.0677319989 0.0149999997 -0.0701259971
  vertex -0.0676845089 0.0277871806 -0.0699482039
  endloop
 endfacet

 facet normal 0.258121192 5.70413874e-07 0.966112554
  outer loop
  vertex -0.0690148398 0.0276880991 0.0755687505
  vertex -0.0687500015 0.0149999997 0.0754979998
  vertex -0.0688000023 0.0277758911 0.0755113512
  endloop
 endfacet

 facet normal 1 0 0
  outer loop
  vertex -0.0549999997 0.0149999997 -0.0590000004
  vertex -0.0549999997 0.0149999997 -0.0850000009
  vertex -0.0549999997 0.0270000007 -0.0590000004
  endloop
 endfacet

 facet normal 0 -1 0
  outer loop
  vertex 0.100373998 0.0149999997 -0.0672320053
  vertex 0.10125 0.0149999997 -0.0669979975
  vertex 0.0869999975 0.0149999997 -0.0590000004
  endloop
 endfacet

 facet normal -0.743798196 0.446415156 0.497471303
  outer loop
  vertex -0.0668243021 0.0299999993 -0.0707002506
  vertex -0.0670281872 0.0299999993 -0.0710050911
  vertex -0.0677638799 0.0278301109 -0.0701578781
  endloop
 endfacet

 facet normal 0 -1 0
  outer loop
  vertex 0.0869999975 0.0149999997 -0.0910005048
  vertex 0.111000001 0.0149999997 -0.0910005048
  vertex 0.0869999975 0.0149999997 -0.0850000009
  endloop
 endfacet

 facet normal -0.258033007 -7.87657825e-07 0.966136098
  outer loop
  vertex -0.0685817674 0.0277401451 0.0755429417
  vertex -0.0687500015 0.0149999997 0.0754979998
  vertex -0.0683712587 0.0277126096 0.0755991638
  endloop
 endfacet

 facet normal -0.707122266 1.65476976e-07 -0.707091331
  outer loop
  vertex 0.102667667 0.0280985255 0.0777263343
  vertex 0.102767996 0.0149999997 0.0776259974
  vertex 0.102497004 0.0280658528 0.0778970048
  endloop
 endfacet

 facet normal 0 1 0
  outer loop
  vertex -0.0663742945 0.0299999993 0.0757997483
  vertex 0.0294240005 0.0299999993 -0.0109999999
  vertex -0.066578187 0.0299999993 0.0754949078
  endloop
 endfacet

 facet normal -1 0 0
  outer loop
  vertex -0.100000001 -2.22044608e-17 0.100000001
  vertex -0.100000001 6.25329121e-05 0.100000001
  vertex -0.100000001 4.18967575e-05 -0.0920000002
  endloop
 endfacet

 facet normal 0 1 0
  outer loop
  vertex -0.0668190643 0.0299999993 0.075219065
  vertex 0.0294240005 0.0299999993 -0.0109999999
  vertex -0.0670949072 0.0299999993 0.0749781877
  endloop
 endfacet

 facet normal -0.743789732 0.446416706 0.497482687
  outer loop
  vertex -0.0679237843 0.0277418848 -0.0703177825
  vertex -0.0677638799 0.0278301109 -0.0701578781
  vertex -0.0670281872 0.0299999993 -0.0710050911
  endloop
 endfacet

 facet normal -0.743811429 0.446413279 -0.497453392
  outer loop
  vertex 0.103421815 0.0299999993 0.0783050805
  vertex 0.102767996 0.0281538852 0.0776259974
  vertex 0.102667667 0.0280985255 0.0777263343
  endloop
 endfacet

 facet normal 0 1 0
  outer loop
  vertex 0.100475386 0.0299999993 0.0738944486
  vertex 0.100834198 0.0299999993 0.0738224834
  vertex 0.100834198 0.0299999993 -0.0660224855
  endloop
 endfacet

 facet normal 0 1 0
  outer loop
  vertex 0.100834198 0.0299999993 -0.0660224855
  vertex 0.100475386 0.0299999993 -0.0660944507
  vertex 0.100475386 0.0299999993 0.0738944486
  endloop
 endfacet

 facet normal 8.23163373e-06 0.0666600466 -0.997775853
  outer loop
  vertex -0.0800030008 0.0140030002 -0.091067113
  vertex -0.100000001 4.18967575e-05 -0.0920000002
  vertex -0.0799999982 0.0149999997 -0.0910005048
  endloop
 endfacet

 facet normal -2.3169531e-07 0.0666713044 -0.997775018
  outer loop
  vertex -0.100000001 0.0299999993 -0.0899982005
  vertex -0.0799999982 0.0149999997 -0.0910005048
  vertex -0.100000001 4.18967575e-05 -0.0920000002
  endloop
 endfacet

 facet normal -0.707106829 1.99178452e-11 0.707106829
  outer loop
  vertex -0.0679237843 0.0277418848 -0.0703177825
  vertex -0.0680780038 0.0277123582 -0.070472002
  vertex -0.0677319989 0.0149999997 -0.0701259971
  endloop
 endfacet

 facet normal 0 1 0
  outer loop
  vertex -0.0673997477 0.0299999993 0.0747743025
  vertex -0.0670949072 0.0299999993 0.0749781877
  vertex 0.0294240005 0.0299999993 -0.0109999999
  endloop
 endfacet

 facet normal -0.743786275 0.446416855 -0.497487634
  outer loop
  vertex 0.103421815 0.0299999993 0.0783050805
  vertex 0.1036257 0.0299999993 0.0780002549
  vertex 0.102767996 0.0281538852 0.0776259974
  endloop
 endfacet

 facet normal -0.74378109 0.446416199 -0.497496098
  outer loop
  vertex 0.10279607 0.0280840341 0.0775213465
  vertex 0.102767996 0.0281538852 0.0776259974
  vertex 0.1036257 0.0299999993 0.0780002549
  endloop
 endfacet

 facet normal 0.175942689 0.446476698 0.877326965
  outer loop
  vertex -0.0691658035 0.0299999993 0.0744224861
  vertex -0.069524616 0.0299999993 0.0744944438
  vertex -0.0690148398 0.0276880991 0.0755687505
  endloop
 endfacet

 facet normal 0 1 0
  outer loop
  vertex -0.067269057 0.0299999993 -0.0673190579
  vertex -0.0675449148 0.0299999993 -0.0670781881
  vertex 0.0294240005 0.0299999993 -0.0109999999
  endloop
 endfacet

 facet normal -0.00335395779 0.0666576698 0.99777025
  outer loop
  vertex 0.111000001 0.0149999997 0.099712342
  vertex 0.131999999 0.0299999993 0.0987808332
  vertex 0.0869999975 0.0149999997 0.0996316671
  endloop
 endfacet

 facet normal -0.965849519 5.94147025e-07 0.259103686
  outer loop
  vertex 0.102767996 0.0149999997 -0.0696259961
  vertex 0.103002995 0.0149999997 -0.0687500015
  vertex 0.10286963 0.027855061 -0.0692471713
  endloop
 endfacet

 facet normal -0.965846479 0 0.259115219
  outer loop
  vertex 0.102767996 0.0279491208 -0.0696259961
  vertex 0.102767996 0.0149999997 -0.0696259961
  vertex 0.102810673 0.0278850012 -0.0694669187
  endloop
 endfacet

 facet normal 0.257985204 0 0.966148853
  outer loop
  vertex -0.0687500015 0.0278088935 0.0754979998
  vertex -0.0688000023 0.0277758911 0.0755113512
  vertex -0.0687500015 0.0149999997 0.0754979998
  endloop
 endfacet

 facet normal 0.258058399 -8.34211278e-07 0.966129303
  outer loop
  vertex -0.0692220628 0.0276609939 0.0756241009
  vertex -0.0687500015 0.0149999997 0.0754979998
  vertex -0.0690148398 0.0276880991 0.0755687505
  endloop
 endfacet

 facet normal -0.67400533 0.446457982 0.588550866
  outer loop
  vertex -0.0679237843 0.0277418848 -0.0703177825
  vertex -0.0670281872 0.0299999993 -0.0710050911
  vertex -0.067269057 0.0299999993 -0.0712809339
  endloop
 endfacet

 facet normal -0.674016893 0.446456313 0.588539064
  outer loop
  vertex -0.0679237843 0.0277418848 -0.0703177825
  vertex -0.067269057 0.0299999993 -0.0712809339
  vertex -0.0680780038 0.0277123582 -0.070472002
  endloop
 endfacet

 facet normal -0.707110882 6.36254072e-07 -0.707102716
  outer loop
  vertex 0.102767996 0.0149999997 0.0776259974
  vertex 0.102126002 0.0149999997 0.078267999
  vertex 0.102497004 0.0280658528 0.0778970048
  endloop
 endfacet

 facet normal 0 1 0
  outer loop
  vertex 0.0984944478 0.0299999993 -0.069524616
  vertex 0.0869999975 0.0299999993 -0.0899982005
  vertex 0.0984224826 0.0299999993 -0.0691658035
  endloop
 endfacet

 facet normal 0 1 0
  outer loop
  vertex 0.0869999975 0.0299999993 -0.0899982005
  vertex 0.0294240005 0.0299999993 -0.0109999999
  vertex 0.0984224826 0.0299999993 -0.0691658035
  endloop
 endfacet

 facet normal 0 1 0
  outer loop
  vertex -0.0705050901 0.0299999993 0.0749781877
  vertex -0.100000001 0.0299999993 -0.0899982005
  vertex -0.0707809404 0.0299999993 0.075219065
  endloop
 endfacet

 facet normal 0 1 0
  outer loop
  vertex -0.067728579 0.0299999993 0.0746123865
  vertex 0.0294240005 0.0299999993 -0.0109999999
  vertex -0.0678497478 0.0299999993 -0.0668742955
  endloop
 endfacet

 facet normal 0 1 0
  outer loop
  vertex -0.0675449148 0.0299999993 -0.0670781881
  vertex -0.0678497478 0.0299999993 -0.0668742955
  vertex 0.0294240005 0.0299999993 -0.0109999999
  endloop
 endfacet

 facet normal 0 1 0
  outer loop
  vertex -0.0718376189 0.0299999993 -0.0682285801
  vertex -0.100000001 0.0299999993 -0.0899982005
  vertex -0.0716756955 0.0299999993 -0.0678997487
  endloop
 endfacet

 facet normal -0.847180784 0.446421713 0.28808409
  outer loop
  vertex 0.103787616 0.0299999993 -0.0698714331
  vertex 0.102810673 0.0278850012 -0.0694669187
  vertex 0.103905551 0.0299999993 -0.069524616
  endloop
 endfacet

 facet normal -0.707106769 6.15620277e-10 0.707106769
  outer loop
  vertex -0.0683740005 0.0149999997 -0.0707679987
  vertex -0.0677319989 0.0149999997 -0.0701259971
  vertex -0.0680780038 0.0277123582 -0.070472002
  endloop
 endfacet

 facet normal 0.2580764 -1.15037267e-07 0.966124535
  outer loop
  vertex -0.0687500015 0.0149999997 0.0754979998
  vertex -0.0692220628 0.0276609939 0.0756241009
  vertex -0.0696259961 0.0149999997 0.0757320002
  endloop
 endfacet

 facet normal -0.802785218 0.446415722 0.395283312
  outer loop
  vertex 0.102767996 0.0279491208 -0.0696259961
  vertex 0.1036257 0.0299999993 -0.0702002496
  vertex 0.102717824 0.0279033221 -0.0696761683
  endloop
 endfacet

 facet normal 0 1 0
  outer loop
  vertex -0.067728579 0.0299999993 0.0746123865
  vertex -0.0673997477 0.0299999993 0.0747743025
  vertex 0.0294240005 0.0299999993 -0.0109999999
  endloop
 endfacet

 facet normal 0 1 0
  outer loop
  vertex -0.0670281872 0.0299999993 -0.0675949082
  vertex -0.067269057 0.0299999993 -0.0673190579
  vertex 0.0294240005 0.0299999993 -0.0109999999
  endloop
 endfacet

 facet normal 0 1 0
  outer loop
  vertex -0.0668190643 0.0299999993 0.075219065
  vertex -0.066578187 0.0299999993 0.0754949078
  vertex 0.0294240005 0.0299999993 -0.0109999999
  endloop
 endfacet

 facet normal 0 1 0
  outer loop
  vertex -0.0663742945 0.0299999993 0.0757997483
  vertex -0.0662123859 0.0299999993 0.0761285722
  vertex 0.0294240005 0.0299999993 -0.0109999999
  endloop
 endfacet

 facet normal 0 1 0
  outer loop
  vertex -0.0660944507 0.0299999993 0.0764753893
  vertex -0.0660224855 0.0299999993 0.0768341944
  vertex 0.0984224826 0.0299999993 0.0762341991
  endloop
 endfacet

 facet normal 0 1 0
  outer loop
  vertex -0.065999493 0.0299999993 0.0771999955
  vertex 0.0983994976 0.0299999993 0.0766000003
  vertex -0.0660224855 0.0299999993 0.0768341944
  endloop
 endfacet

 facet normal 0 1 0
  outer loop
  vertex -0.0660224855 0.0299999993 0.0775658041
  vertex 0.0984224826 0.0299999993 0.0769658014
  vertex -0.065999493 0.0299999993 0.0771999955
  endloop
 endfacet

 facet normal 0 1 0
  outer loop
  vertex -0.0662123859 0.0299999993 0.0782714263
  vertex 0.0986123905 0.0299999993 0.0776714236
  vertex -0.0660944507 0.0299999993 0.0779246166
  endloop
 endfacet

 facet normal 0 1 0
  outer loop
  vertex 0.098774299 0.0299999993 0.0780002549
  vertex 0.0986123905 0.0299999993 0.0776714236
  vertex -0.0716030002 0.0299999993 0.0980964229
  endloop
 endfacet

 facet normal -0.802774131 0.446416736 0.395304769
  outer loop
  vertex 0.102810673 0.0278850012 -0.0694669187
  vertex 0.103787616 0.0299999993 -0.0698714331
  vertex 0.102767996 0.0279491208 -0.0696259961
  endloop
 endfacet

 facet normal 0 1 0
  outer loop
  vertex 0.098774299 0.0299999993 -0.0673997477
  vertex 0.0294240005 0.0299999993 -0.0109999999
  vertex 0.0989781842 0.0299999993 -0.0670949072
  endloop
 endfacet

 facet normal -0.802774966 0.446416914 0.395302922
  outer loop
  vertex 0.1036257 0.0299999993 -0.0702002496
  vertex 0.102767996 0.0279491208 -0.0696259961
  vertex 0.103787616 0.0299999993 -0.0698714331
  endloop
 endfacet

 facet normal 0 1 0
  outer loop
  vertex 0.0992190614 0.0299999993 -0.0668190643
  vertex 0.0989781842 0.0299999993 -0.0670949072
  vertex 0.0294240005 0.0299999993 -0.0109999999
  endloop
 endfacet

 facet normal -0.707106829 0 0.707106829
  outer loop
  vertex 0.102767996 0.0149999997 -0.0696259961
  vertex 0.102767996 0.0279491208 -0.0696259961
  vertex 0.102717824 0.0279033221 -0.0696761683
  endloop
 endfacet

 facet normal 0.673999846 0.446458101 -0.588557065
  outer loop
  vertex 0.0999530032 0.0279244557 0.0778469965
  vertex 0.0997889116 0.0279558692 0.0776829123
  vertex 0.0992190614 0.0299999993 0.0785809383
  endloop
 endfacet

 facet normal 0 1 0
  outer loop
  vertex -0.0680753887 0.0299999993 0.0799055472
  vertex -0.0716030002 0.0299999993 0.0980964229
  vertex -0.067728579 0.0299999993 0.079787612
  endloop
 endfacet

 facet normal 0 1 0
  outer loop
  vertex -0.0684341937 0.0299999993 0.0799775198
  vertex -0.0716030002 0.0299999993 0.0980964229
  vertex -0.0680753887 0.0299999993 0.0799055472
  endloop
 endfacet

 facet normal 0 1 0
  outer loop
  vertex -0.0688000023 0.0299999993 0.0800015032
  vertex -0.0716030002 0.0299999993 0.0980964229
  vertex -0.0684341937 0.0299999993 0.0799775198
  endloop
 endfacet

 facet normal 0 1 0
  outer loop
  vertex -0.0691658035 0.0299999993 0.0799775198
  vertex -0.0716030002 0.0299999993 0.0980964229
  vertex -0.0688000023 0.0299999993 0.0800015032
  endloop
 endfacet

 facet normal 0 1 0
  outer loop
  vertex -0.0698714331 0.0299999993 0.079787612
  vertex -0.0702002496 0.0299999993 0.0796257034
  vertex -0.0716030002 0.0299999993 0.0980964229
  endloop
 endfacet

 facet normal -0.588554144 0.446456403 0.674003601
  outer loop
  vertex -0.0680780038 0.0277123582 -0.070472002
  vertex -0.067269057 0.0299999993 -0.0712809339
  vertex -0.0682322159 0.0277418848 -0.0706262216
  endloop
 endfacet

 facet normal -0.58854413 0.446454883 0.674013257
  outer loop
  vertex -0.0675449148 0.0299999993 -0.0715218112
  vertex -0.0682322159 0.0277418848 -0.0706262216
  vertex -0.067269057 0.0299999993 -0.0712809339
  endloop
 endfacet

 facet normal 0 1 0
  outer loop
  vertex 0.0992190614 0.0299999993 -0.0668190643
  vertex 0.0294240005 0.0299999993 -0.0109999999
  vertex 0.0994949117 0.0299999993 -0.066578187
  endloop
 endfacet

 facet normal 0 1 0
  outer loop
  vertex 0.0997997522 0.0299999993 -0.0663742945
  vertex 0.0994949117 0.0299999993 -0.066578187
  vertex 0.0294240005 0.0299999993 -0.0109999999
  endloop
 endfacet

 facet normal -0.743797779 0.446416378 0.497471035
  outer loop
  vertex 0.1036257 0.0299999993 -0.0702002496
  vertex 0.103421815 0.0299999993 -0.0705050901
  vertex 0.102717824 0.0279033221 -0.0696761683
  endloop
 endfacet

 facet normal 0 1 0
  outer loop
  vertex 0.100128569 0.0299999993 -0.0662123859
  vertex 0.0997997522 0.0299999993 -0.0663742945
  vertex 0.0294240005 0.0299999993 -0.0109999999
  endloop
 endfacet

 facet normal 0 1 0
  outer loop
  vertex -0.069524616 0.0299999993 0.0799055472
  vertex -0.0698714331 0.0299999993 0.079787612
  vertex -0.0716030002 0.0299999993 0.0980964229
  endloop
 endfacet

 facet normal 0 1 0
  outer loop
  vertex -0.0705050901 0.0299999993 0.0794218108
  vertex -0.100000001 0.0299999993 0.0980009586
  vertex -0.0702002496 0.0299999993 0.0796257034
  endloop
 endfacet

 facet normal 0 1 0
  outer loop
  vertex -0.0712257028 0.0299999993 0.0786002502
  vertex -0.100000001 0.0299999993 0.0980009586
  vertex -0.0710218102 0.0299999993 0.0789050907
  endloop
 endfacet

 facet normal 0 1 0
  outer loop
  vertex -0.0713876113 0.0299999993 0.0782714263
  vertex -0.100000001 0.0299999993 0.0980009586
  vertex -0.0712257028 0.0299999993 0.0786002502
  endloop
 endfacet

 facet normal 0 1 0
  outer loop
  vertex -0.071505554 0.0299999993 0.0779246166
  vertex -0.100000001 0.0299999993 0.0980009586
  vertex -0.0713876113 0.0299999993 0.0782714263
  endloop
 endfacet

 facet normal 0 1 0
  outer loop
  vertex -0.0716030002 0.0299999993 0.0980964229
  vertex -0.0702002496 0.0299999993 0.0796257034
  vertex -0.100000001 0.0299999993 0.0980009586
  endloop
 endfacet

 facet normal 0 1 0
  outer loop
  vertex -0.100000001 0.0299999993 0.0980009586
  vertex -0.071505554 0.0299999993 0.0779246166
  vertex -0.0715775117 0.0299999993 0.0775658041
  endloop
 endfacet

 facet normal 0 1 0
  outer loop
  vertex -0.0715775117 0.0299999993 0.0775658041
  vertex -0.0716015026 0.0299999993 0.0771999955
  vertex -0.100000001 0.0299999993 0.0980009586
  endloop
 endfacet

 facet normal 0 1 0
  outer loop
  vertex -0.0715775117 0.0299999993 0.0768341944
  vertex -0.100000001 0.0299999993 0.0980009586
  vertex -0.0716015026 0.0299999993 0.0771999955
  endloop
 endfacet

 facet normal 0 1 0
  outer loop
  vertex 0.100475386 0.0299999993 -0.0660944507
  vertex 0.100128569 0.0299999993 -0.0662123859
  vertex 0.100128569 0.0299999993 0.0740123838
  endloop
 endfacet

 facet normal 0 1 0
  outer loop
  vertex 0.0294240005 0.0299999993 -0.0109999999
  vertex 0.100128569 0.0299999993 0.0740123838
  vertex 0.100128569 0.0299999993 -0.0662123859
  endloop
 endfacet

 facet normal 0 1 0
  outer loop
  vertex 0.100128569 0.0299999993 0.0740123838
  vertex 0.100475386 0.0299999993 0.0738944486
  vertex 0.100475386 0.0299999993 -0.0660944507
  endloop
 endfacet

 facet normal 0 1 0
  outer loop
  vertex -0.0703214258 0.0299999993 -0.0667123869
  vertex -0.0698714331 0.0299999993 0.0746123865
  vertex -0.0699746087 0.0299999993 -0.0665944517
  endloop
 endfacet

 facet normal -0.743799388 0.44641611 0.497468859
  outer loop
  vertex 0.102554508 0.0278132129 -0.0698394924
  vertex 0.102717824 0.0279033221 -0.0696761683
  vertex 0.103421815 0.0299999993 -0.0705050901
  endloop
 endfacet

 facet normal 0 1 0
  outer loop
  vertex -0.0709550828 0.0299999993 -0.0670781881
  vertex -0.0705050901 0.0299999993 0.0749781877
  vertex -0.0706502497 0.0299999993 -0.0668742955
  endloop
 endfacet

 facet normal 0 1 0
  outer loop
  vertex -0.0706502497 0.0299999993 -0.0668742955
  vertex -0.0702002496 0.0299999993 0.0747743025
  vertex -0.0703214258 0.0299999993 -0.0667123869
  endloop
 endfacet

 facet normal -0.707123876 7.92187564e-07 0.707089722
  outer loop
  vertex -0.0682322159 0.0277418848 -0.0706262216
  vertex -0.0683740005 0.0149999997 -0.0707679987
  vertex -0.0680780038 0.0277123582 -0.070472002
  endloop
 endfacet

 facet normal 0.258093685 0 0.966119885
  outer loop
  vertex -0.0696259961 0.0277692918 0.0757320002
  vertex -0.0696259961 0.0149999997 0.0757320002
  vertex -0.0694295689 0.027689714 0.0756795257
  endloop
 endfacet

 facet normal -0.707122922 -1.25494552e-07 0.707090735
  outer loop
  vertex 0.102554508 0.0278132129 -0.0698394924
  vertex 0.102767996 0.0149999997 -0.0696259961
  vertex 0.102717824 0.0279033221 -0.0696761683
  endloop
 endfacet

 facet normal 0.588542521 0.446455687 -0.674014032
  outer loop
  vertex 0.0994949117 0.0299999993 0.0788218081
  vertex 0.100117087 0.0279558692 0.0780110881
  vertex 0.0992190614 0.0299999993 0.0785809383
  endloop
 endfacet

 facet normal 0.588557065 0.446458101 -0.673999846
  outer loop
  vertex 0.0999530032 0.0279244557 0.0778469965
  vertex 0.0992190614 0.0299999993 0.0785809383
  vertex 0.100117087 0.0279558692 0.0780110881
  endloop
 endfacet

 facet normal 0 1 0
  outer loop
  vertex 0.101565801 0.0299999993 0.0738224834
  vertex 0.101924613 0.0299999993 0.0738944486
  vertex 0.101565801 0.0299999993 -0.0660224855
  endloop
 endfacet

 facet normal 0.707106829 0 0.707106829
  outer loop
  vertex -0.0696259961 0.0277692918 0.0757320002
  vertex -0.069639571 0.0277569015 0.0757455751
  vertex -0.0696259961 0.0149999997 0.0757320002
  endloop
 endfacet

 facet normal 0.70709008 -3.58023122e-08 0.707123578
  outer loop
  vertex -0.0696259961 0.0149999997 0.0757320002
  vertex -0.069639571 0.0277569015 0.0757455751
  vertex -0.0697960705 0.0276705548 0.0759020671
  endloop
 endfacet

 facet normal -0.0585383996 0.446512192 -0.892860591
  outer loop
  vertex -0.0688000023 0.0299999993 0.0800015032
  vertex -0.0684341937 0.0299999993 0.0799775198
  vertex -0.0687500015 0.028009912 0.0790029988
  endloop
 endfacet

 facet normal -0.0585767999 0.446510434 -0.892858982
  outer loop
  vertex -0.0688000023 0.0279765353 0.0789895877
  vertex -0.0688000023 0.0299999993 0.0800015032
  vertex -0.0687500015 0.028009912 0.0790029988
  endloop
 endfacet

 facet normal -0.0585397743 0.446512341 -0.892860413
  outer loop
  vertex -0.0685689375 0.0279365275 0.0789544284
  vertex -0.0687500015 0.028009912 0.0790029988
  vertex -0.0684341937 0.0299999993 0.0799775198
  endloop
 endfacet

 facet normal 0 1 0
  outer loop
  vertex 0.102271423 0.0299999993 -0.0662123859
  vertex 0.101924613 0.0299999993 -0.0660944507
  vertex 0.101924613 0.0299999993 0.0738944486
  endloop
 endfacet

 facet normal 0 1 0
  outer loop
  vertex 0.101924613 0.0299999993 -0.0660944507
  vertex 0.101565801 0.0299999993 -0.0660224855
  vertex 0.101924613 0.0299999993 0.0738944486
  endloop
 endfacet

 facet normal -0.674004316 0.446457744 0.588552296
  outer loop
  vertex 0.103421815 0.0299999993 -0.0705050901
  vertex 0.103180937 0.0299999993 -0.0707809404
  vertex 0.102554508 0.0278132129 -0.0698394924
  endloop
 endfacet

 facet normal 0.497501284 0.44641456 -0.743778646
  outer loop
  vertex 0.100117087 0.0279558692 0.0780110881
  vertex 0.0994949117 0.0299999993 0.0788218081
  vertex 0.100287221 0.0280497409 0.0781812295
  endloop
 endfacet

 facet normal -0.674028635 0.446454018 0.588527262
  outer loop
  vertex 0.102397002 0.0277830586 -0.0699970052
  vertex 0.102554508 0.0278132129 -0.0698394924
  vertex 0.103180937 0.0299999993 -0.0707809404
  endloop
 endfacet

 facet normal 0 1 0
  outer loop
  vertex 0.101924613 0.0299999993 0.0738944486
  vertex 0.102271423 0.0299999993 0.0740123838
  vertex 0.102271423 0.0299999993 -0.0662123859
  endloop
 endfacet

 facet normal 0 1 0
  outer loop
  vertex -0.0688000023 0.0299999993 0.0743995011
  vertex -0.0684341937 0.0299999993 0.0744224861
  vertex -0.0688841939 0.0299999993 -0.0665224865
  endloop
 endfacet

 facet normal -0.497546136 0.44641304 0.743749499
  outer loop
  vertex -0.0678497478 0.0299999993 -0.0717257038
  vertex -0.0683987588 0.0278035887 -0.0707746446
  vertex -0.0683740005 0.0278201103 -0.0707679987
  endloop
 endfacet

 facet normal -0.707219541 0 -0.706994116
  outer loop
  vertex 0.102126002 0.0282174964 0.078267999
  vertex 0.102149367 0.0281961635 0.0782446265
  vertex 0.102126002 0.0149999997 0.078267999
  endloop
 endfacet

 facet normal -0.707123518 -1.46103147e-07 0.70709008
  outer loop
  vertex 0.102397002 0.0277830586 -0.0699970052
  vertex 0.102767996 0.0149999997 -0.0696259961
  vertex 0.102554508 0.0278132129 -0.0698394924
  endloop
 endfacet

 facet normal 0.497484744 0.446411937 -0.743791223
  outer loop
  vertex 0.0997997522 0.0299999993 0.0790257007
  vertex 0.100287221 0.0280497409 0.0781812295
  vertex 0.0994949117 0.0299999993 0.0788218081
  endloop
 endfacet

 facet normal -0.497467637 0.446412891 0.743802011
  outer loop
  vertex -0.0675449148 0.0299999993 -0.0715218112
  vertex -0.0683740005 0.0278201103 -0.0707679987
  vertex -0.0682322159 0.0277418848 -0.0706262216
  endloop
 endfacet

 facet normal 0 1 0
  outer loop
  vertex -0.0681785718 0.0299999993 -0.0667123869
  vertex -0.0685253888 0.0299999993 -0.0665944517
  vertex -0.0680753887 0.0299999993 0.0744944438
  endloop
 endfacet

 facet normal -0.588541806 0.446454465 0.674015462
  outer loop
  vertex 0.102397002 0.0277830586 -0.0699970052
  vertex 0.103180937 0.0299999993 -0.0707809404
  vertex 0.102239497 0.0278132129 -0.0701545104
  endloop
 endfacet

 facet normal -0.175981328 0.446475953 -0.877319694
  outer loop
  vertex -0.0684341937 0.0299999993 0.0799775198
  vertex -0.0680753887 0.0299999993 0.0799055472
  vertex -0.0685689375 0.0279365275 0.0789544284
  endloop
 endfacet

 facet normal -0.17596893 0.446474493 -0.877322912
  outer loop
  vertex -0.0683461279 0.0279068835 0.0788946524
  vertex -0.0685689375 0.0279365275 0.0789544284
  vertex -0.0680753887 0.0299999993 0.0799055472
  endloop
 endfacet

 facet normal -0.497492075 0.446415901 0.743783891
  outer loop
  vertex -0.0678497478 0.0299999993 -0.0717257038
  vertex -0.0683740005 0.0278201103 -0.0707679987
  vertex -0.0675449148 0.0299999993 -0.0715218112
  endloop
 endfacet

 facet normal 0 1 0
  outer loop
  vertex -0.0666623861 0.0299999993 -0.0682285801
  vertex -0.0668243021 0.0299999993 -0.0678997487
  vertex 0.0294240005 0.0299999993 -0.0109999999
  endloop
 endfacet

 facet normal 0 1 0
  outer loop
  vertex -0.0670281872 0.0299999993 -0.0675949082
  vertex 0.0294240005 0.0299999993 -0.0109999999
  vertex -0.0668243021 0.0299999993 -0.0678997487
  endloop
 endfacet

 facet normal -0.588542938 0.446454644 0.674014509
  outer loop
  vertex 0.102905087 0.0299999993 -0.0710218102
  vertex 0.102239497 0.0278132129 -0.0701545104
  vertex 0.103180937 0.0299999993 -0.0707809404
  endloop
 endfacet

 facet normal 0 1 0
  outer loop
  vertex 0.103787616 0.0299999993 -0.067728579
  vertex 0.131999999 0.0299999993 -0.0899982005
  vertex 0.103905551 0.0299999993 -0.0680753887
  endloop
 endfacet

 facet normal 0 1 0
  outer loop
  vertex 0.0294240005 0.0299999993 -0.0109999999
  vertex 0.0869999975 0.0299999993 -0.0899982005
  vertex -0.0665444508 0.0299999993 -0.0685753897
  endloop
 endfacet

 facet normal 0 1 0
  outer loop
  vertex -0.0665444508 0.0299999993 -0.0685753897
  vertex -0.0666623861 0.0299999993 -0.0682285801
  vertex 0.0294240005 0.0299999993 -0.0109999999
  endloop
 endfacet

 facet normal 0.39530322 0.446415633 -0.802775562
  outer loop
  vertex 0.0997997522 0.0299999993 0.0790257007
  vertex 0.100128569 0.0299999993 0.0791876167
  vertex 0.100373998 0.0281289499 0.078267999
  endloop
 endfacet

 facet normal 0.395253897 0.446411341 -0.802802205
  outer loop
  vertex 0.0997997522 0.0299999993 0.0790257007
  vertex 0.100373998 0.0281289499 0.078267999
  vertex 0.100287221 0.0280497409 0.0781812295
  endloop
 endfacet

 facet normal 0 1 0
  outer loop
  vertex -0.0664724857 0.0299999993 -0.0689341947
  vertex -0.0665444508 0.0299999993 -0.0685753897
  vertex 0.0869999975 0.0299999993 -0.0899982005
  endloop
 endfacet

 facet normal 0 1 0
  outer loop
  vertex 0.103977516 0.0299999993 -0.0684341937
  vertex 0.103905551 0.0299999993 -0.0680753887
  vertex 0.131999999 0.0299999993 -0.0899982005
  endloop
 endfacet

 facet normal -0.707088232 0 0.707125366
  outer loop
  vertex -0.0683740005 0.0278201103 -0.0707679987
  vertex -0.0683740005 0.0149999997 -0.0707679987
  vertex -0.0682322159 0.0277418848 -0.0706262216
  endloop
 endfacet

 facet normal 0.395311862 0.446414828 -0.802771688
  outer loop
  vertex 0.100495823 0.0280798487 0.0783006847
  vertex 0.100373998 0.0281289499 0.078267999
  vertex 0.100128569 0.0299999993 0.0791876167
  endloop
 endfacet

 facet normal -0.28806901 0.446419805 -0.847186923
  outer loop
  vertex -0.0683461279 0.0279068835 0.0788946524
  vertex -0.0680753887 0.0299999993 0.0799055472
  vertex -0.0681230873 0.0279372707 0.0788348243
  endloop
 endfacet

 facet normal -0.288090318 0.446417272 -0.847181022
  outer loop
  vertex -0.067728579 0.0299999993 0.079787612
  vertex -0.0681230873 0.0279372707 0.0788348243
  vertex -0.0680753887 0.0299999993 0.0799055472
  endloop
 endfacet

 facet normal 0 1 0
  outer loop
  vertex 0.102600247 0.0299999993 -0.0663742945
  vertex 0.102271423 0.0299999993 -0.0662123859
  vertex 0.102271423 0.0299999993 0.0740123838
  endloop
 endfacet

 facet normal -0.877323806 0.446476221 -0.175960273
  outer loop
  vertex -0.0660224855 0.0299999993 0.0775658041
  vertex -0.0670463443 0.0279349796 0.0774309635
  vertex -0.0660944507 0.0299999993 0.0779246166
  endloop
 endfacet

 facet normal -0.259080201 6.86434703e-07 -0.965855777
  outer loop
  vertex -0.0681230873 0.0279372707 0.0788348243
  vertex -0.0678739995 0.0149999997 0.078768
  vertex -0.0683461279 0.0279068835 0.0788946524
  endloop
 endfacet

 facet normal 0 1 0
  outer loop
  vertex 0.103977516 0.0299999993 -0.0684341937
  vertex 0.131999999 0.0299999993 -0.0899982005
  vertex 0.1040015 0.0299999993 -0.0688000023
  endloop
 endfacet

 facet normal -0.966131508 1.51477749e-07 0.258050621
  outer loop
  vertex -0.0676845089 0.0277871806 -0.0699482039
  vertex -0.0677319989 0.0149999997 -0.0701259971
  vertex -0.0676274449 0.0277576093 -0.0697345585
  endloop
 endfacet

 facet normal 0 1 0
  outer loop
  vertex -0.069524616 0.0299999993 0.0744944438
  vertex -0.0691658035 0.0299999993 0.0744224861
  vertex -0.0696158037 0.0299999993 -0.0665224865
  endloop
 endfacet

 facet normal -0.497484028 0.44641459 0.74379003
  outer loop
  vertex 0.102905087 0.0299999993 -0.0710218102
  vertex 0.102600247 0.0299999993 -0.0712257028
  vertex 0.102126002 0.0278758295 -0.0702679977
  endloop
 endfacet

 facet normal -0.497483671 0.446414649 0.743790329
  outer loop
  vertex 0.102057956 0.0278304126 -0.0702862516
  vertex 0.102126002 0.0278758295 -0.0702679977
  vertex 0.102600247 0.0299999993 -0.0712257028
  endloop
 endfacet

 facet normal -0.49746415 0.446412534 0.743804634
  outer loop
  vertex 0.102905087 0.0299999993 -0.0710218102
  vertex 0.102126002 0.0278758295 -0.0702679977
  vertex 0.102239497 0.0278132129 -0.0701545104
  endloop
 endfacet

 facet normal -0.893045306 0.446442932 -0.0562035106
  outer loop
  vertex -0.0670113489 0.0279759262 0.0771999955
  vertex -0.0669979975 0.0280089285 0.0772499964
  vertex -0.065999493 0.0299999993 0.0771999955
  endloop
 endfacet

 facet normal 0.288067639 0.446421742 -0.847186267
  outer loop
  vertex 0.100495823 0.0280798487 0.0783006847
  vertex 0.100475386 0.0299999993 0.0793055519
  vertex 0.100727841 0.0280482359 0.0783629194
  endloop
 endfacet

 facet normal -0.395274401 0.446414679 -0.802790284
  outer loop
  vertex -0.0673997477 0.0299999993 0.0796257034
  vertex -0.0678920671 0.0280303881 0.0787728503
  vertex -0.067728579 0.0299999993 0.079787612
  endloop
 endfacet

 facet normal -0.395291775 0.446412414 -0.802782953
  outer loop
  vertex -0.0681230873 0.0279372707 0.0788348243
  vertex -0.067728579 0.0299999993 0.079787612
  vertex -0.0678920671 0.0280303881 0.0787728503
  endloop
 endfacet

 facet normal -0.893048882 0.44644472 0.0561327301
  outer loop
  vertex -0.065999493 0.0299999993 0.0771999955
  vertex -0.0660224855 0.0299999993 0.0768341944
  vertex -0.0670113489 0.0279759262 0.0771999955
  endloop
 endfacet

 facet normal -0.893045664 0.446447849 0.0561585054
  outer loop
  vertex -0.0670721456 0.0278829373 0.0769724324
  vertex -0.0670113489 0.0279759262 0.0771999955
  vertex -0.0660224855 0.0299999993 0.0768341944
  endloop
 endfacet

 facet normal 0.288084418 0.446419597 -0.847181797
  outer loop
  vertex 0.100495823 0.0280798487 0.0783006847
  vertex 0.100128569 0.0299999993 0.0791876167
  vertex 0.100475386 0.0299999993 0.0793055519
  endloop
 endfacet

 facet normal -0.395310223 0.446411908 0.802774131
  outer loop
  vertex -0.0686153471 0.0277162865 -0.0708327517
  vertex -0.0683987588 0.0278035887 -0.0707746446
  vertex -0.0681785718 0.0299999993 -0.0718876123
  endloop
 endfacet

 facet normal -0.395281464 0.446415246 0.802786469
  outer loop
  vertex -0.0678497478 0.0299999993 -0.0717257038
  vertex -0.0681785718 0.0299999993 -0.0718876123
  vertex -0.0683987588 0.0278035887 -0.0707746446
  endloop
 endfacet

 facet normal -0.259119689 4.50384164e-07 -0.965845227
  outer loop
  vertex -0.0685689375 0.0279365275 0.0789544284
  vertex -0.0683461279 0.0279068835 0.0788946524
  vertex -0.0687500015 0.0149999997 0.0790029988
  endloop
 endfacet

 facet normal -0.259101003 2.56456502e-07 -0.965850234
  outer loop
  vertex -0.0678920671 0.0280303881 0.0787728503
  vertex -0.0678739995 0.0149999997 0.078768
  vertex -0.0681230873 0.0279372707 0.0788348243
  endloop
 endfacet

 facet normal -0.877328813 0.446473211 0.175942823
  outer loop
  vertex -0.0660944507 0.0299999993 0.0764753893
  vertex -0.0671307743 0.0278542247 0.0767529458
  vertex -0.0670721456 0.0278829373 0.0769724324
  endloop
 endfacet

 facet normal -0.877323389 0.446475506 0.175963834
  outer loop
  vertex -0.0660944507 0.0299999993 0.0764753893
  vertex -0.0670721456 0.0278829373 0.0769724324
  vertex -0.0660224855 0.0299999993 0.0768341944
  endloop
 endfacet

 facet normal -0.497499049 0.446418136 -0.74377799
  outer loop
  vertex -0.0677170902 0.0279558692 0.0786110833
  vertex -0.0678739995 0.028042445 0.078768
  vertex -0.0670949072 0.0299999993 0.0794218108
  endloop
 endfacet

 facet normal 0.259073585 6.29355384e-07 -0.965857625
  outer loop
  vertex 0.100727841 0.0280482359 0.0783629194
  vertex 0.100373998 0.0149999997 0.078267999
  vertex 0.100495823 0.0280798487 0.0783006847
  endloop
 endfacet

 facet normal -0.847182453 0.446418256 0.288084596
  outer loop
  vertex -0.0662123859 0.0299999993 0.0761285722
  vertex -0.0671894848 0.0278846454 0.0765331462
  vertex -0.0660944507 0.0299999993 0.0764753893
  endloop
 endfacet

 facet normal -0.259254217 0 0.965809107
  outer loop
  vertex -0.0683740005 0.0149999997 -0.0707679987
  vertex -0.0683740005 0.0278201103 -0.0707679987
  vertex -0.0683987588 0.0278035887 -0.0707746446
  endloop
 endfacet

 facet normal -0.259120405 2.77496753e-07 0.965845048
  outer loop
  vertex -0.0683740005 0.0149999997 -0.0707679987
  vertex -0.0683987588 0.0278035887 -0.0707746446
  vertex -0.0686153471 0.0277162865 -0.0708327517
  endloop
 endfacet

 facet normal -0.497483701 0.446415871 -0.743789613
  outer loop
  vertex -0.0670949072 0.0299999993 0.0794218108
  vertex -0.0678739995 0.028042445 0.078768
  vertex -0.0673997477 0.0299999993 0.0796257034
  endloop
 endfacet

 facet normal -0.497559845 0.446412802 -0.743740439
  outer loop
  vertex -0.0678920671 0.0280303881 0.0787728503
  vertex -0.0673997477 0.0299999993 0.0796257034
  vertex -0.0678739995 0.028042445 0.078768
  endloop
 endfacet

 facet normal 0.707122087 6.07209813e-07 -0.70709151
  outer loop
  vertex 0.100117087 0.0279558692 0.0780110881
  vertex 0.100287221 0.0280497409 0.0781812295
  vertex 0.100373998 0.0149999997 0.078267999
  endloop
 endfacet

 facet normal 0.70707643 0 -0.707137227
  outer loop
  vertex 0.100373998 0.0281289499 0.078267999
  vertex 0.100373998 0.0149999997 0.078267999
  vertex 0.100287221 0.0280497409 0.0781812295
  endloop
 endfacet

 facet normal -0.802824676 0.446413457 0.395205677
  outer loop
  vertex -0.0672821701 0.0279033221 0.0763238296
  vertex -0.0672320053 0.0279491208 0.0763740018
  vertex -0.0663742945 0.0299999993 0.0757997483
  endloop
 endfacet

 facet normal 0 1 0
  outer loop
  vertex 0.1036257 0.0299999993 -0.0702002496
  vertex 0.103787616 0.0299999993 -0.0698714331
  vertex 0.131999999 0.0299999993 -0.0899982005
  endloop
 endfacet

 facet normal 0 1 0
  outer loop
  vertex 0.103905551 0.0299999993 -0.069524616
  vertex 0.103977516 0.0299999993 -0.0691658035
  vertex 0.131999999 0.0299999993 -0.0899982005
  endloop
 endfacet

 facet normal -0.707106829 -3.821286e-11 0.707106829
  outer loop
  vertex -0.0677638799 0.0278301109 -0.0701578781
  vertex -0.0679237843 0.0277418848 -0.0703177825
  vertex -0.0677319989 0.0149999997 -0.0701259971
  endloop
 endfacet

 facet normal 0.175953239 0.446476102 -0.877325237
  outer loop
  vertex 0.100475386 0.0299999993 0.0793055519
  vertex 0.100959636 0.0280790757 0.0784251019
  vertex 0.100727841 0.0280482359 0.0783629194
  endloop
 endfacet

 facet normal -0.395281494 0.446415037 0.802786529
  outer loop
  vertex 0.102600247 0.0299999993 -0.0712257028
  vertex 0.102271423 0.0299999993 -0.0713876113
  vertex 0.102057956 0.0278304126 -0.0702862516
  endloop
 endfacet

 facet normal -0.395302743 0.446412504 0.802777469
  outer loop
  vertex 0.101839647 0.0277424213 -0.0703448206
  vertex 0.102057956 0.0278304126 -0.0702862516
  vertex 0.102271423 0.0299999993 -0.0713876113
  endloop
 endfacet

 facet normal 0 1 0
  outer loop
  vertex -0.0666623861 0.0299999993 -0.0703714266
  vertex 0.0869999975 0.0299999993 -0.0899982005
  vertex -0.0668243021 0.0299999993 -0.0707002506
  endloop
 endfacet

 facet normal -0.743789494 0.446415961 0.497483611
  outer loop
  vertex -0.0663742945 0.0299999993 0.0757997483
  vertex -0.066578187 0.0299999993 0.0754949078
  vertex -0.0672821701 0.0279033221 0.0763238296
  endloop
 endfacet

 facet normal -0.743785679 0.446416676 0.497488707
  outer loop
  vertex -0.0674454942 0.0278132129 0.0761605054
  vertex -0.0672821701 0.0279033221 0.0763238296
  vertex -0.066578187 0.0299999993 0.0754949078
  endloop
 endfacet

 facet normal 0.175942913 0.446474761 -0.877328038
  outer loop
  vertex 0.100834198 0.0299999993 0.0793775097
  vertex 0.100959636 0.0280790757 0.0784251019
  vertex 0.100475386 0.0299999993 0.0793055519
  endloop
 endfacet

 facet normal 0.259136647 0 -0.965840697
  outer loop
  vertex 0.100373998 0.0281289499 0.078267999
  vertex 0.100495823 0.0280798487 0.0783006847
  vertex 0.100373998 0.0149999997 0.078267999
  endloop
 endfacet

 facet normal 0.259103835 -9.14273954e-08 -0.965849519
  outer loop
  vertex 0.100959636 0.0280790757 0.0784251019
  vertex 0.10125 0.0149999997 0.0785029978
  vertex 0.100727841 0.0280482359 0.0783629194
  endloop
 endfacet

 facet normal -0.259273559 0 -0.965803981
  outer loop
  vertex -0.0678739995 0.028042445 0.078768
  vertex -0.0678739995 0.0149999997 0.078768
  vertex -0.0678920671 0.0280303881 0.0787728503
  endloop
 endfacet

 facet normal -0.259097278 0 0.965851247
  outer loop
  vertex 0.102126002 0.0149999997 -0.0702679977
  vertex 0.102126002 0.0278758295 -0.0702679977
  vertex 0.102057956 0.0278304126 -0.0702862516
  endloop
 endfacet

 facet normal -0.259113848 3.86514429e-08 0.965846777
  outer loop
  vertex 0.101839647 0.0277424213 -0.0703448206
  vertex 0.101628885 0.0277137067 -0.0704013631
  vertex 0.102126002 0.0149999997 -0.0702679977
  endloop
 endfacet

 facet normal 0 1 0
  outer loop
  vertex -0.0670281872 0.0299999993 -0.0710050911
  vertex -0.0668243021 0.0299999993 -0.0707002506
  vertex 0.0869999975 0.0299999993 -0.0899982005
  endloop
 endfacet

 facet normal -0.288101017 0.446417511 0.847177207
  outer loop
  vertex -0.0681785718 0.0299999993 -0.0718876123
  vertex -0.0685253888 0.0299999993 -0.072005555
  vertex -0.0686153471 0.0277162865 -0.0708327517
  endloop
 endfacet

 facet normal 0 1 0
  outer loop
  vertex 0.103421815 0.0299999993 -0.0705050901
  vertex 0.1036257 0.0299999993 -0.0702002496
  vertex 0.131999999 0.0299999993 -0.0899982005
  endloop
 endfacet

 facet normal -0.288070887 0.44642067 0.847185791
  outer loop
  vertex -0.06882447 0.0276877955 -0.0708888471
  vertex -0.0686153471 0.0277162865 -0.0708327517
  vertex -0.0685253888 0.0299999993 -0.072005555
  endloop
 endfacet

 facet normal -0.707083583 0 0.707130075
  outer loop
  vertex 0.102126002 0.0278758295 -0.0702679977
  vertex 0.102126002 0.0149999997 -0.0702679977
  vertex 0.102239497 0.0278132129 -0.0701545104
  endloop
 endfacet

 facet normal -0.588558555 0.446455061 0.674000442
  outer loop
  vertex -0.0676029995 0.0277830586 0.0760030001
  vertex -0.0668190643 0.0299999993 0.075219065
  vertex -0.0677605048 0.0278132129 0.0758454874
  endloop
 endfacet

 facet normal -0.588561952 0.446455568 0.673997223
  outer loop
  vertex -0.0670949072 0.0299999993 0.0749781877
  vertex -0.0677605048 0.0278132129 0.0758454874
  vertex -0.0668190643 0.0299999993 0.075219065
  endloop
 endfacet

 facet normal 0.05855776 0.446510404 -0.892860293
  outer loop
  vertex 0.101199999 0.0299999993 0.0794015005
  vertex 0.101199999 0.0281764995 0.0784895867
  vertex 0.100834198 0.0299999993 0.0793775097
  endloop
 endfacet

 facet normal 0.0585578792 0.446510404 -0.892860293
  outer loop
  vertex 0.100959636 0.0280790757 0.0784251019
  vertex 0.100834198 0.0299999993 0.0793775097
  vertex 0.101199999 0.0281764995 0.0784895867
  endloop
 endfacet

 facet normal 0 1 0
  outer loop
  vertex 0.103180937 0.0299999993 -0.0707809404
  vertex 0.103421815 0.0299999993 -0.0705050901
  vertex 0.131999999 0.0299999993 -0.0899982005
  endloop
 endfacet

 facet normal 0 1 0
  outer loop
  vertex -0.067269057 0.0299999993 -0.0712809339
  vertex -0.0670281872 0.0299999993 -0.0710050911
  vertex 0.0869999975 0.0299999993 -0.0899982005
  endloop
 endfacet

 facet normal -0.588550568 0.446459115 -0.674004972
  outer loop
  vertex -0.0670949072 0.0299999993 0.0794218108
  vertex -0.0668190643 0.0299999993 0.079180941
  vertex -0.0677170902 0.0279558692 0.0786110833
  endloop
 endfacet

 facet normal 0 1 0
  outer loop
  vertex 0.102600247 0.0299999993 -0.0712257028
  vertex 0.102905087 0.0299999993 -0.0710218102
  vertex 0.131999999 0.0299999993 -0.0899982005
  endloop
 endfacet

 facet normal 0 1 0
  outer loop
  vertex 0.102905087 0.0299999993 -0.0710218102
  vertex 0.103180937 0.0299999993 -0.0707809404
  vertex 0.131999999 0.0299999993 -0.0899982005
  endloop
 endfacet

 facet normal -0.497471422 0.446414709 0.743798435
  outer loop
  vertex -0.0673997477 0.0299999993 0.0747743025
  vertex -0.0678739995 0.0278758295 0.0757320002
  vertex -0.0670949072 0.0299999993 0.0749781877
  endloop
 endfacet

 facet normal -0.259082466 1.04732101e-06 0.965855241
  outer loop
  vertex -0.06882447 0.0276877955 -0.0708888471
  vertex -0.0683740005 0.0149999997 -0.0707679987
  vertex -0.0686153471 0.0277162865 -0.0708327517
  endloop
 endfacet

 facet normal -0.395277947 0.44641608 0.802787721
  outer loop
  vertex -0.0681604743 0.0277417842 0.0756554827
  vertex -0.0679420903 0.0278302561 0.0757138133
  vertex -0.067728579 0.0299999993 0.0746123865
  endloop
 endfacet

 facet normal -0.588527739 0.4464553 -0.674027264
  outer loop
  vertex -0.0675529987 0.0279244557 0.0784469992
  vertex -0.0677170902 0.0279558692 0.0786110833
  vertex -0.0668190643 0.0299999993 0.079180941
  endloop
 endfacet

 facet normal -0.288106471 0.446418107 0.847175062
  outer loop
  vertex 0.102271423 0.0299999993 -0.0713876113
  vertex 0.101924613 0.0299999993 -0.071505554
  vertex 0.101839647 0.0277424213 -0.0703448206
  endloop
 endfacet

 facet normal -0.288098425 0.446419001 0.847177386
  outer loop
  vertex 0.101628885 0.0277137067 -0.0704013631
  vertex 0.101839647 0.0277424213 -0.0703448206
  vertex 0.101924613 0.0299999993 -0.071505554
  endloop
 endfacet

 facet normal -0.259093076 0 -0.96585238
  outer loop
  vertex 0.10125 0.0282098763 0.0785029978
  vertex 0.101443782 0.028131336 0.0784510151
  vertex 0.10125 0.0149999997 0.0785029978
  endloop
 endfacet

 facet normal -0.259102821 1.53380782e-07 -0.965849817
  outer loop
  vertex 0.101443782 0.028131336 0.0784510151
  vertex 0.101678856 0.0281000603 0.0783879533
  vertex 0.10125 0.0149999997 0.0785029978
  endloop
 endfacet

 facet normal -0.259101689 1.13667362e-07 -0.965850055
  outer loop
  vertex 0.10125 0.0149999997 0.0785029978
  vertex 0.101678856 0.0281000603 0.0783879533
  vertex 0.102126002 0.0149999997 0.078267999
  endloop
 endfacet

 facet normal -0.259106994 -8.11580207e-08 -0.965848625
  outer loop
  vertex 0.101914175 0.0281321201 0.0783248246
  vertex 0.102126002 0.0149999997 0.078267999
  vertex 0.101678856 0.0281000603 0.0783879533
  endloop
 endfacet

 facet normal -0.288140118 0.44641754 0.847163916
  outer loop
  vertex -0.0683712587 0.0277126096 0.0755991638
  vertex -0.0681604743 0.0277417842 0.0756554827
  vertex -0.0680753887 0.0299999993 0.0744944438
  endloop
 endfacet

 facet normal -0.707090795 -7.94024686e-07 -0.707122803
  outer loop
  vertex -0.0675529987 0.0279244557 0.0784469992
  vertex -0.0678739995 0.0149999997 0.078768
  vertex -0.0677170902 0.0279558692 0.0786110833
  endloop
 endfacet

 facet normal 0 1 0
  outer loop
  vertex 0.102271423 0.0299999993 -0.0713876113
  vertex 0.102600247 0.0299999993 -0.0712257028
  vertex 0.131999999 0.0299999993 -0.0899982005
  endloop
 endfacet

 facet normal 0.259117603 2.35013275e-07 -0.965845883
  outer loop
  vertex 0.101199999 0.0281764995 0.0784895867
  vertex 0.10125 0.0149999997 0.0785029978
  vertex 0.100959636 0.0280790757 0.0784251019
  endloop
 endfacet

 facet normal 0.259101659 -1.8629386e-07 -0.965850055
  outer loop
  vertex 0.100373998 0.0149999997 0.078267999
  vertex 0.100727841 0.0280482359 0.0783629194
  vertex 0.10125 0.0149999997 0.0785029978
  endloop
 endfacet

 facet normal -0.259101689 5.48616526e-07 0.965850055
  outer loop
  vertex 0.10125 0.0149999997 -0.0705029964
  vertex 0.102126002 0.0149999997 -0.0702679977
  vertex 0.101628885 0.0277137067 -0.0704013631
  endloop
 endfacet

 facet normal -0.259101659 -1.54940793e-07 -0.965850174
  outer loop
  vertex -0.0687500015 0.0149999997 0.0790029988
  vertex -0.0683461279 0.0279068835 0.0788946524
  vertex -0.0678739995 0.0149999997 0.078768
  endloop
 endfacet

 facet normal -0.175943285 0.446474642 0.877328038
  outer loop
  vertex -0.06882447 0.0276877955 -0.0708888471
  vertex -0.0685253888 0.0299999993 -0.072005555
  vertex -0.069033362 0.027715588 -0.0709448829
  endloop
 endfacet

 facet normal -0.175946414 0.446474999 0.877327204
  outer loop
  vertex -0.0688841939 0.0299999993 -0.0720775127
  vertex -0.069033362 0.027715588 -0.0709448829
  vertex -0.0685253888 0.0299999993 -0.072005555
  endloop
 endfacet

 facet normal 0 1 0
  outer loop
  vertex 0.101924613 0.0299999993 -0.071505554
  vertex 0.131999999 0.0299999993 -0.0899982005
  vertex 0.101565801 0.0299999993 -0.0715775117
  endloop
 endfacet

 facet normal -0.056202136 0.446441263 0.89304626
  outer loop
  vertex -0.0688000023 0.0277758911 0.0755113512
  vertex -0.0687500015 0.0278088935 0.0754979998
  vertex -0.0688000023 0.0299999993 0.0743995011
  endloop
 endfacet

 facet normal 0 1 0
  outer loop
  vertex -0.0678497478 0.0299999993 -0.0717257038
  vertex 0.0869999975 0.0299999993 -0.0899982005
  vertex -0.0681785718 0.0299999993 -0.0718876123
  endloop
 endfacet

 facet normal 0.0561611466 0.446448386 0.893045187
  outer loop
  vertex -0.0690148398 0.0276880991 0.0755687505
  vertex -0.0688000023 0.0277758911 0.0755113512
  vertex -0.0691658035 0.0299999993 0.0744224861
  endloop
 endfacet

 facet normal 0 1 0
  outer loop
  vertex 0.101199999 0.0299999993 -0.0716015026
  vertex 0.0869999975 0.0299999993 -0.0899982005
  vertex 0.100834198 0.0299999993 -0.0715775117
  endloop
 endfacet

 facet normal 0 1 0
  outer loop
  vertex 0.101199999 0.0299999993 -0.0716015026
  vertex 0.101565801 0.0299999993 -0.0715775117
  vertex 0.0869999975 0.0299999993 -0.0899982005
  endloop
 endfacet

 facet normal -0.175933763 0.446473449 0.877330482
  outer loop
  vertex 0.101628885 0.0277137067 -0.0704013631
  vertex 0.101924613 0.0299999993 -0.071505554
  vertex 0.101418346 0.027741719 -0.0704578385
  endloop
 endfacet

 facet normal -0.175942928 0.446474433 0.877328157
  outer loop
  vertex 0.101565801 0.0299999993 -0.0715775117
  vertex 0.101418346 0.027741719 -0.0704578385
  vertex 0.101924613 0.0299999993 -0.071505554
  endloop
 endfacet

 facet normal -0.674014747 0.446455598 -0.588541865
  outer loop
  vertex -0.0675529987 0.0279244557 0.0784469992
  vertex -0.0668190643 0.0299999993 0.079180941
  vertex -0.0673889145 0.0279558692 0.0782829151
  endloop
 endfacet

 facet normal -0.674004495 0.446457356 -0.588552415
  outer loop
  vertex -0.066578187 0.0299999993 0.0789050907
  vertex -0.0673889145 0.0279558692 0.0782829151
  vertex -0.0668190643 0.0299999993 0.079180941
  endloop
 endfacet

 facet normal 0.175938904 0.4464764 0.877328038
  outer loop
  vertex -0.0692220628 0.0276609939 0.0756241009
  vertex -0.0690148398 0.0276880991 0.0755687505
  vertex -0.069524616 0.0299999993 0.0744944438
  endloop
 endfacet

 facet normal 0.802771509 0.446413726 0.395313561
  outer loop
  vertex 0.0997035801 0.0276376419 0.0759803951
  vertex 0.0997320041 0.0276807435 0.0758740008
  vertex 0.0986123905 0.0299999993 0.0755285695
  endloop
 endfacet

 facet normal 0.802802265 0.446412861 0.39525193
  outer loop
  vertex 0.0998089761 0.0276104789 0.0757970214
  vertex 0.098774299 0.0299999993 0.075199753
  vertex 0.0997320041 0.0276807435 0.0758740008
  endloop
 endfacet

 facet normal 0 1 0
  outer loop
  vertex -0.0685253888 0.0299999993 -0.072005555
  vertex -0.0681785718 0.0299999993 -0.0718876123
  vertex 0.0869999975 0.0299999993 -0.0899982005
  endloop
 endfacet

 facet normal 0 1 0
  outer loop
  vertex 0.0869999975 0.0299999993 -0.0899982005
  vertex -0.100000001 0.0299999993 -0.0899982005
  vertex -0.0685253888 0.0299999993 -0.072005555
  endloop
 endfacet

 facet normal 0.288070679 0.446422666 0.847184837
  outer loop
  vertex -0.0692220628 0.0276609939 0.0756241009
  vertex -0.069524616 0.0299999993 0.0744944438
  vertex -0.0694295689 0.027689714 0.0756795257
  endloop
 endfacet

 facet normal 0.288100719 0.446419537 0.847176313
  outer loop
  vertex -0.0698714331 0.0299999993 0.0746123865
  vertex -0.0694295689 0.027689714 0.0756795257
  vertex -0.069524616 0.0299999993 0.0744944438
  endloop
 endfacet

 facet normal -0.0585408211 0.446510613 0.892861307
  outer loop
  vertex -0.069033362 0.027715588 -0.0709448829
  vertex -0.0688841939 0.0299999993 -0.0720775127
  vertex -0.0692500025 0.0278033931 -0.0710029975
  endloop
 endfacet

 facet normal -0.0585565157 0.446512282 0.892859459
  outer loop
  vertex -0.0692500025 0.0299999993 -0.0721015036
  vertex -0.0692500025 0.0278033931 -0.0710029975
  vertex -0.0688841939 0.0299999993 -0.0720775127
  endloop
 endfacet

 facet normal -0.707123637 0 -0.70709002
  outer loop
  vertex -0.0678739995 0.028042445 0.078768
  vertex -0.0677170902 0.0279558692 0.0786110833
  vertex -0.0678739995 0.0149999997 0.078768
  endloop
 endfacet

 facet normal -0.707106829 4.05624235e-07 -0.707106829
  outer loop
  vertex -0.0673889145 0.0279558692 0.0782829151
  vertex -0.0672320053 0.0149999997 0.0781259984
  vertex -0.0675529987 0.0279244557 0.0784469992
  endloop
 endfacet

 facet normal -0.00335414964 0.0666565374 0.997770429
  outer loop
  vertex -0.100000001 0.0298975613 0.0980078056
  vertex 0.0160000008 0.0149999997 0.0993929952
  vertex -0.0716030002 0.0299999993 0.0980964229
  endloop
 endfacet

 facet normal -0.00335426978 0.0666920319 0.997767925
  outer loop
  vertex -0.100000001 0.0299999993 0.0980009586
  vertex -0.100000001 0.0298975613 0.0980078056
  vertex -0.0716030002 0.0299999993 0.0980964229
  endloop
 endfacet

 facet normal 0.707141042 0 0.707072556
  outer loop
  vertex 0.0997320041 0.0276807435 0.0758740008
  vertex 0.0997320041 0.0149999997 0.0758740008
  vertex 0.0998089761 0.0276104789 0.0757970214
  endloop
 endfacet

 facet normal 0 1 0
  outer loop
  vertex 0.100128569 0.0299999993 -0.0713876113
  vertex 0.0869999975 0.0299999993 -0.0899982005
  vertex 0.0997997522 0.0299999993 -0.0712257028
  endloop
 endfacet

 facet normal -0.00335274334 0.0666323081 0.997771978
  outer loop
  vertex -0.0799999982 0.0149999997 0.0990698859
  vertex -0.0790000036 0.0149999997 0.0990732461
  vertex -0.100000001 0.0298975613 0.0980078056
  endloop
 endfacet

 facet normal 0 1 0
  outer loop
  vertex -0.0696158037 0.0299999993 -0.0720775127
  vertex -0.100000001 0.0299999993 -0.0899982005
  vertex -0.0699746087 0.0299999993 -0.072005555
  endloop
 endfacet

 facet normal -0.0585763007 0.446510911 0.892858744
  outer loop
  vertex 0.101199999 0.0299999993 -0.0716015026
  vertex 0.101199999 0.027776571 -0.0704895854
  vertex 0.10125 0.0278099477 -0.0705029964
  endloop
 endfacet

 facet normal -0.0585402362 0.446510166 0.892861545
  outer loop
  vertex 0.101418346 0.027741719 -0.0704578385
  vertex 0.101565801 0.0299999993 -0.0715775117
  vertex 0.10125 0.0278099477 -0.0705029964
  endloop
 endfacet

 facet normal -0.0585577153 0.446511805 0.892859638
  outer loop
  vertex 0.101199999 0.0299999993 -0.0716015026
  vertex 0.10125 0.0278099477 -0.0705029964
  vertex 0.101565801 0.0299999993 -0.0715775117
  endloop
 endfacet

 facet normal 0.847176492 0.44641912 0.288100809
  outer loop
  vertex 0.0986123905 0.0299999993 0.0755285695
  vertex 0.0984944478 0.0299999993 0.0758753866
  vertex 0.0997035801 0.0276376419 0.0759803951
  endloop
 endfacet

 facet normal -0.743609548 0.446406901 -0.497760653
  outer loop
  vertex -0.0672271699 0.0280303452 0.0781079233
  vertex -0.0672320053 0.028042445 0.0781259984
  vertex -0.0663742945 0.0299999993 0.0786002502
  endloop
 endfacet

 facet normal -0.743801951 0.446415603 -0.497465461
  outer loop
  vertex -0.0673889145 0.0279558692 0.0782829151
  vertex -0.066578187 0.0299999993 0.0789050907
  vertex -0.0672320053 0.028042445 0.0781259984
  endloop
 endfacet

 facet normal 0.258074343 -3.14321909e-07 0.966125131
  outer loop
  vertex 0.10125 0.0149999997 0.0749979988
  vertex 0.100802936 0.0274677612 0.0751174241
  vertex 0.100373998 0.0149999997 0.0752319992
  endloop
 endfacet

 facet normal 0.0585576966 0.446512192 0.892859399
  outer loop
  vertex -0.0692500025 0.0299999993 -0.0721015036
  vertex -0.0696158037 0.0299999993 -0.0720775127
  vertex -0.0692500025 0.0278033931 -0.0710029975
  endloop
 endfacet

 facet normal 0.0585427806 0.446510613 0.892861247
  outer loop
  vertex -0.0694666356 0.027715588 -0.0709448829
  vertex -0.0692500025 0.0278033931 -0.0710029975
  vertex -0.0696158037 0.0299999993 -0.0720775127
  endloop
 endfacet

 facet normal 0.847178459 0.446419775 0.288093597
  outer loop
  vertex 0.099649027 0.0276093762 0.0761846155
  vertex 0.0997035801 0.0276376419 0.0759803951
  vertex 0.0984944478 0.0299999993 0.0758753866
  endloop
 endfacet

 facet normal -0.259085834 0 0.965854347
  outer loop
  vertex 0.10125 0.0278099477 -0.0705029964
  vertex 0.10125 0.0149999997 -0.0705029964
  vertex 0.101418346 0.027741719 -0.0704578385
  endloop
 endfacet

 facet normal 0 1 0
  outer loop
  vertex 0.0989781842 0.0299999993 -0.0705050901
  vertex 0.0992190614 0.0299999993 -0.0707809404
  vertex 0.0869999975 0.0299999993 -0.0899982005
  endloop
 endfacet

 facet normal 0 1 0
  outer loop
  vertex 0.0994949117 0.0299999993 -0.0710218102
  vertex 0.0869999975 0.0299999993 -0.0899982005
  vertex 0.0992190614 0.0299999993 -0.0707809404
  endloop
 endfacet

 facet normal -0.74378866 0.446418136 -0.497483075
  outer loop
  vertex -0.0663742945 0.0299999993 0.0786002502
  vertex -0.0672320053 0.028042445 0.0781259984
  vertex -0.066578187 0.0299999993 0.0789050907
  endloop
 endfacet

 facet normal 0.9661237 2.2839815e-07 0.258079469
  outer loop
  vertex 0.099649027 0.0276093762 0.0761846155
  vertex 0.0997320041 0.0149999997 0.0758740008
  vertex 0.0997035801 0.0276376419 0.0759803951
  endloop
 endfacet

 facet normal 0 1 0
  outer loop
  vertex -0.0703214258 0.0299999993 -0.0718876123
  vertex -0.100000001 0.0299999993 -0.0899982005
  vertex -0.0706502497 0.0299999993 -0.0717257038
  endloop
 endfacet

 facet normal 0 1 0
  outer loop
  vertex 0.098774299 0.0299999993 -0.0702002496
  vertex 0.0869999975 0.0299999993 -0.0899982005
  vertex 0.0986123905 0.0299999993 -0.0698714331
  endloop
 endfacet

 facet normal 0 1 0
  outer loop
  vertex 0.0984944478 0.0299999993 -0.069524616
  vertex 0.0986123905 0.0299999993 -0.0698714331
  vertex 0.0869999975 0.0299999993 -0.0899982005
  endloop
 endfacet

 facet normal -0.707123637 0 -0.70709002
  outer loop
  vertex -0.0672320053 0.028042445 0.0781259984
  vertex -0.0672320053 0.0149999997 0.0781259984
  vertex -0.0673889145 0.0279558692 0.0782829151
  endloop
 endfacet

 facet normal 0.0585577264 0.446511447 0.892859817
  outer loop
  vertex 0.101199999 0.0299999993 -0.0716015026
  vertex 0.100834198 0.0299999993 -0.0715775117
  vertex 0.101199999 0.027776571 -0.0704895854
  endloop
 endfacet

 facet normal 0.0585294478 0.446508467 0.892863154
  outer loop
  vertex 0.100985073 0.0276894588 -0.0704319328
  vertex 0.101199999 0.027776571 -0.0704895854
  vertex 0.100834198 0.0299999993 -0.0715775117
  endloop
 endfacet

 facet normal 0 1 0
  outer loop
  vertex -0.0709550828 0.0299999993 -0.0715218112
  vertex -0.0706502497 0.0299999993 -0.0717257038
  vertex -0.100000001 0.0299999993 -0.0899982005
  endloop
 endfacet

 facet normal 0 1 0
  outer loop
  vertex -0.0709550828 0.0299999993 -0.0715218112
  vertex -0.100000001 0.0299999993 -0.0899982005
  vertex -0.0712309405 0.0299999993 -0.0712809339
  endloop
 endfacet

 facet normal 0 1 0
  outer loop
  vertex 0.098774299 0.0299999993 -0.0702002496
  vertex 0.0989781842 0.0299999993 -0.0705050901
  vertex 0.0869999975 0.0299999993 -0.0899982005
  endloop
 endfacet

 facet normal 0 1 0
  outer loop
  vertex 0.0869999975 0.0299999993 -0.0899982005
  vertex 0.100128569 0.0299999993 -0.0713876113
  vertex 0.100475386 0.0299999993 -0.071505554
  endloop
 endfacet

 facet normal 0 1 0
  outer loop
  vertex 0.100475386 0.0299999993 -0.071505554
  vertex 0.100834198 0.0299999993 -0.0715775117
  vertex 0.0869999975 0.0299999993 -0.0899982005
  endloop
 endfacet

 facet normal 0 1 0
  outer loop
  vertex 0.102271423 0.0299999993 -0.0713876113
  vertex 0.131999999 0.0299999993 -0.0899982005
  vertex 0.101924613 0.0299999993 -0.071505554
  endloop
 endfacet

 facet normal 0 1 0
  outer loop
  vertex 0.0994949117 0.0299999993 -0.0710218102
  vertex 0.0997997522 0.0299999993 -0.0712257028
  vertex 0.0869999975 0.0299999993 -0.0899982005
  endloop
 endfacet

 facet normal 0.877325773 0.446474522 0.175954551
  outer loop
  vertex 0.099649027 0.0276093762 0.0761846155
  vertex 0.0984944478 0.0299999993 0.0758753866
  vertex 0.0995945483 0.027636053 0.0763885602
  endloop
 endfacet

 facet normal 0.877324283 0.446475118 0.175960362
  outer loop
  vertex 0.0984224826 0.0299999993 0.0762341991
  vertex 0.0995945483 0.027636053 0.0763885602
  vertex 0.0984944478 0.0299999993 0.0758753866
  endloop
 endfacet

 facet normal 0.966116905 0 0.258104742
  outer loop
  vertex 0.0997320041 0.0276807435 0.0758740008
  vertex 0.0997035801 0.0276376419 0.0759803951
  vertex 0.0997320041 0.0149999997 0.0758740008
  endloop
 endfacet

 facet normal 0.175946414 0.446474999 0.877327204
  outer loop
  vertex -0.0696158037 0.0299999993 -0.0720775127
  vertex -0.0699746087 0.0299999993 -0.072005555
  vertex -0.0694666356 0.027715588 -0.0709448829
  endloop
 endfacet

 facet normal 0.175943285 0.446474642 0.877328038
  outer loop
  vertex -0.0696755275 0.0276877955 -0.0708888471
  vertex -0.0694666356 0.027715588 -0.0709448829
  vertex -0.0699746087 0.0299999993 -0.072005555
  endloop
 endfacet

 facet normal 0 1 0
  outer loop
  vertex -0.0714718103 0.0299999993 -0.0710050911
  vertex -0.0712309405 0.0299999993 -0.0712809339
  vertex -0.100000001 0.0299999993 -0.0899982005
  endloop
 endfacet

 facet normal -0.25908345 -3.29594414e-08 0.965855002
  outer loop
  vertex 0.101628885 0.0277137067 -0.0704013631
  vertex 0.101418346 0.027741719 -0.0704578385
  vertex 0.10125 0.0149999997 -0.0705029964
  endloop
 endfacet

 facet normal 0.259103686 2.40420434e-07 0.965849519
  outer loop
  vertex -0.0701259971 0.0149999997 -0.0707679987
  vertex -0.0692500025 0.0149999997 -0.0710029975
  vertex -0.0696755275 0.0276877955 -0.0708888471
  endloop
 endfacet

 facet normal 0 1 0
  outer loop
  vertex 0.0869999975 0.0299999993 -0.0899982005
  vertex 0.101565801 0.0299999993 -0.0715775117
  vertex 0.131999999 0.0299999993 -0.0899982005
  endloop
 endfacet

 facet normal 0 1 0
  outer loop
  vertex 0.103787616 0.0299999993 -0.0698714331
  vertex 0.103905551 0.0299999993 -0.069524616
  vertex 0.131999999 0.0299999993 -0.0899982005
  endloop
 endfacet

 facet normal 0 1 0
  outer loop
  vertex 0.1040015 0.0299999993 -0.0688000023
  vertex 0.131999999 0.0299999993 -0.0899982005
  vertex 0.103977516 0.0299999993 -0.0691658035
  endloop
 endfacet

 facet normal 0 1 0
  outer loop
  vertex 0.103180937 0.0299999993 -0.0668190643
  vertex 0.102905087 0.0299999993 -0.066578187
  vertex 0.102905087 0.0299999993 0.0743781924
  endloop
 endfacet

 facet normal 0.259059817 0 0.96586132
  outer loop
  vertex 0.10125 0.0149999997 -0.0705029964
  vertex 0.10125 0.0278099477 -0.0705029964
  vertex 0.101199999 0.027776571 -0.0704895854
  endloop
 endfacet

 facet normal 0.259083599 9.98087728e-08 0.965854943
  outer loop
  vertex 0.10125 0.0149999997 -0.0705029964
  vertex 0.101199999 0.027776571 -0.0704895854
  vertex 0.100985073 0.0276894588 -0.0704319328
  endloop
 endfacet

 facet normal 0.966124713 4.23290174e-07 0.258075535
  outer loop
  vertex 0.0995945483 0.027636053 0.0763885602
  vertex 0.0994980037 0.0149999997 0.0767500028
  vertex 0.099649027 0.0276093762 0.0761846155
  endloop
 endfacet

 facet normal -0.802786231 0.446415603 -0.395281374
  outer loop
  vertex -0.0663742945 0.0299999993 0.0786002502
  vertex -0.0662123859 0.0299999993 0.0782714263
  vertex -0.0672271699 0.0280303452 0.0781079233
  endloop
 endfacet

 facet normal -0.80278337 0.446414679 -0.395288318
  outer loop
  vertex -0.0671654344 0.0279367156 0.0778768063
  vertex -0.0672271699 0.0280303452 0.0781079233
  vertex -0.0662123859 0.0299999993 0.0782714263
  endloop
 endfacet

 facet normal 0 1 0
  outer loop
  vertex -0.0719555542 0.0299999993 -0.0700246096
  vertex -0.0718376189 0.0299999993 -0.0703714266
  vertex -0.100000001 0.0299999993 -0.0899982005
  endloop
 endfacet

 facet normal 0.893050551 0.446445584 0.0560980141
  outer loop
  vertex 0.0995945483 0.027636053 0.0763885602
  vertex 0.0984224826 0.0299999993 0.0762341991
  vertex 0.0995380729 0.0277224556 0.0766000003
  endloop
 endfacet

 facet normal 0.893048704 0.446447313 0.0561145358
  outer loop
  vertex 0.0983994976 0.0299999993 0.0766000003
  vertex 0.0995380729 0.0277224556 0.0766000003
  vertex 0.0984224826 0.0299999993 0.0762341991
  endloop
 endfacet

 facet normal 0.288070917 0.44642067 0.847185791
  outer loop
  vertex -0.0696755275 0.0276877955 -0.0708888471
  vertex -0.0699746087 0.0299999993 -0.072005555
  vertex -0.0698846504 0.0277162865 -0.0708327517
  endloop
 endfacet

 facet normal 0.966125011 3.64156165e-07 0.258074313
  outer loop
  vertex 0.0997320041 0.0149999997 0.0758740008
  vertex 0.099649027 0.0276093762 0.0761846155
  vertex 0.0994980037 0.0149999997 0.0767500028
  endloop
 endfacet

 facet normal 0.966130853 -2.80080087e-07 0.258052617
  outer loop
  vertex 0.0995380729 0.0277224556 0.0766000003
  vertex 0.0994980037 0.0149999997 0.0767500028
  vertex 0.0995945483 0.027636053 0.0763885602
  endloop
 endfacet

 facet normal 0 1 0
  outer loop
  vertex 0.101565801 0.0299999993 -0.0660224855
  vertex 0.101199999 0.0299999993 -0.065999493
  vertex 0.101199999 0.0299999993 0.0737994984
  endloop
 endfacet

 facet normal 0 1 0
  outer loop
  vertex 0.101199999 0.0299999993 0.0737994984
  vertex 0.101565801 0.0299999993 0.0738224834
  vertex 0.101565801 0.0299999993 -0.0660224855
  endloop
 endfacet

 facet normal 0 1 0
  outer loop
  vertex 0.101199999 0.0299999993 -0.065999493
  vertex 0.100834198 0.0299999993 -0.0660224855
  vertex 0.100834198 0.0299999993 0.0738224834
  endloop
 endfacet

 facet normal 0.288101017 0.446417511 0.847177207
  outer loop
  vertex -0.0703214258 0.0299999993 -0.0718876123
  vertex -0.0698846504 0.0277162865 -0.0708327517
  vertex -0.0699746087 0.0299999993 -0.072005555
  endloop
 endfacet

 facet normal 0.175943047 0.446473241 0.877328753
  outer loop
  vertex 0.100834198 0.0299999993 -0.0715775117
  vertex 0.100475386 0.0299999993 -0.071505554
  vertex 0.100985073 0.0276894588 -0.0704319328
  endloop
 endfacet

 facet normal 0.175972909 0.44647634 0.877321124
  outer loop
  vertex 0.10077782 0.0276618842 -0.0703763291
  vertex 0.100985073 0.0276894588 -0.0704319328
  vertex 0.100475386 0.0299999993 -0.071505554
  endloop
 endfacet

 facet normal -0.966029763 0 -0.258430868
  outer loop
  vertex -0.0672320053 0.0149999997 0.0781259984
  vertex -0.0672320053 0.028042445 0.0781259984
  vertex -0.0672271699 0.0280303452 0.0781079233
  endloop
 endfacet

 facet normal -0.966130376 8.56986503e-07 -0.258054346
  outer loop
  vertex -0.0671654344 0.0279367156 0.0778768063
  vertex -0.0671058521 0.0279058423 0.0776537359
  vertex -0.0672320053 0.0149999997 0.0781259984
  endloop
 endfacet

 facet normal 0 1 0
  outer loop
  vertex -0.0718376189 0.0299999993 -0.0703714266
  vertex -0.0716756955 0.0299999993 -0.0707002506
  vertex -0.100000001 0.0299999993 -0.0899982005
  endloop
 endfacet

 facet normal 0 1 0
  outer loop
  vertex -0.0716756955 0.0299999993 -0.0707002506
  vertex -0.0714718103 0.0299999993 -0.0710050911
  vertex -0.100000001 0.0299999993 -0.0899982005
  endloop
 endfacet

 facet normal 0 1 0
  outer loop
  vertex -0.0703214258 0.0299999993 -0.0718876123
  vertex -0.0699746087 0.0299999993 -0.072005555
  vertex -0.100000001 0.0299999993 -0.0899982005
  endloop
 endfacet

 facet normal 0 1 0
  outer loop
  vertex -0.0688841939 0.0299999993 -0.0720775127
  vertex -0.0685253888 0.0299999993 -0.072005555
  vertex -0.100000001 0.0299999993 -0.0899982005
  endloop
 endfacet

 facet normal 0 1 0
  outer loop
  vertex -0.0692500025 0.0299999993 -0.0721015036
  vertex -0.0688841939 0.0299999993 -0.0720775127
  vertex -0.100000001 0.0299999993 -0.0899982005
  endloop
 endfacet

 facet normal 0.259082466 1.04756214e-06 0.965855241
  outer loop
  vertex -0.0698846504 0.0277162865 -0.0708327517
  vertex -0.0701259971 0.0149999997 -0.0707679987
  vertex -0.0696755275 0.0276877955 -0.0708888471
  endloop
 endfacet

 facet normal 0 1 0
  outer loop
  vertex 0.098774299 0.0299999993 -0.0673997477
  vertex 0.0986123905 0.0299999993 -0.067728579
  vertex 0.0294240005 0.0299999993 -0.0109999999
  endloop
 endfacet

 facet normal 0 1 0
  outer loop
  vertex 0.0294240005 0.0299999993 -0.0109999999
  vertex 0.0986123905 0.0299999993 -0.067728579
  vertex 0.0984944478 0.0299999993 -0.0680753887
  endloop
 endfacet

 facet normal 0 1 0
  outer loop
  vertex 0.0984944478 0.0299999993 -0.0680753887
  vertex 0.0984224826 0.0299999993 -0.0684341937
  vertex 0.0294240005 0.0299999993 -0.0109999999
  endloop
 endfacet

 facet normal 0 1 0
  outer loop
  vertex 0.0983994976 0.0299999993 -0.0688000023
  vertex 0.0984224826 0.0299999993 -0.0691658035
  vertex 0.0294240005 0.0299999993 -0.0109999999
  endloop
 endfacet

 facet normal 0 1 0
  outer loop
  vertex 0.0984224826 0.0299999993 -0.0684341937
  vertex 0.0983994976 0.0299999993 -0.0688000023
  vertex 0.0294240005 0.0299999993 -0.0109999999
  endloop
 endfacet

 facet normal 0.259125322 1.03274738e-06 0.965843797
  outer loop
  vertex 0.10077782 0.0276618842 -0.0703763291
  vertex 0.10125 0.0149999997 -0.0705029964
  vertex 0.100985073 0.0276894588 -0.0704319328
  endloop
 endfacet

 facet normal 0 1 0
  outer loop
  vertex -0.0696158037 0.0299999993 -0.0720775127
  vertex -0.0692500025 0.0299999993 -0.0721015036
  vertex -0.100000001 0.0299999993 -0.0899982005
  endloop
 endfacet

 facet normal 0 1 0
  outer loop
  vertex -0.0675449148 0.0299999993 -0.0715218112
  vertex 0.0869999975 0.0299999993 -0.0899982005
  vertex -0.0678497478 0.0299999993 -0.0717257038
  endloop
 endfacet

 facet normal 0 1 0
  outer loop
  vertex -0.067269057 0.0299999993 -0.0712809339
  vertex 0.0869999975 0.0299999993 -0.0899982005
  vertex -0.0675449148 0.0299999993 -0.0715218112
  endloop
 endfacet

 facet normal 0 1 0
  outer loop
  vertex -0.0666623861 0.0299999993 -0.0703714266
  vertex -0.0665444508 0.0299999993 -0.0700246096
  vertex 0.0869999975 0.0299999993 -0.0899982005
  endloop
 endfacet

 facet normal 0 1 0
  outer loop
  vertex -0.0665444508 0.0299999993 -0.0700246096
  vertex -0.0664724857 0.0299999993 -0.0696658045
  vertex 0.0869999975 0.0299999993 -0.0899982005
  endloop
 endfacet

 facet normal 0 1 0
  outer loop
  vertex -0.0664724857 0.0299999993 -0.0696658045
  vertex -0.0664495006 0.0299999993 -0.0693000033
  vertex 0.0869999975 0.0299999993 -0.0899982005
  endloop
 endfacet

 facet normal 0 1 0
  outer loop
  vertex -0.0664495006 0.0299999993 -0.0693000033
  vertex -0.0664724857 0.0299999993 -0.0689341947
  vertex 0.0869999975 0.0299999993 -0.0899982005
  endloop
 endfacet

 facet normal 0.893048644 0.446447462 -0.0561145321
  outer loop
  vertex 0.0983994976 0.0299999993 0.0766000003
  vertex 0.0984224826 0.0299999993 0.0769658014
  vertex 0.0994980037 0.0278214626 0.0767500028
  endloop
 endfacet

 facet normal 0.893048644 0.446447223 -0.0561167598
  outer loop
  vertex 0.0995380729 0.0277224556 0.0766000003
  vertex 0.0983994976 0.0299999993 0.0766000003
  vertex 0.0994980037 0.0278214626 0.0767500028
  endloop
 endfacet

 facet normal 0.893050194 0.446446508 -0.0560973883
  outer loop
  vertex 0.0995171368 0.0277921911 0.0768216401
  vertex 0.0994980037 0.0278214626 0.0767500028
  vertex 0.0984224826 0.0299999993 0.0769658014
  endloop
 endfacet

 facet normal 0.395310163 0.446411937 0.802774131
  outer loop
  vertex -0.0703214258 0.0299999993 -0.0718876123
  vertex -0.0701012388 0.0278035887 -0.0707746446
  vertex -0.0698846504 0.0277162865 -0.0708327517
  endloop
 endfacet

 facet normal 0.707110941 -1.40547158e-07 -0.707102716
  outer loop
  vertex 0.0997320041 0.0149999997 0.0776259974
  vertex 0.0999530032 0.0279244557 0.0778469965
  vertex 0.100373998 0.0149999997 0.078267999
  endloop
 endfacet

 facet normal 0.28810063 0.446419924 0.847176015
  outer loop
  vertex 0.100128569 0.0299999993 -0.0713876113
  vertex 0.100570351 0.0276901517 -0.0703206733
  vertex 0.100475386 0.0299999993 -0.071505554
  endloop
 endfacet

 facet normal 0.288089871 0.446421117 0.847179174
  outer loop
  vertex 0.10077782 0.0276618842 -0.0703763291
  vertex 0.100475386 0.0299999993 -0.071505554
  vertex 0.100570351 0.0276901517 -0.0703206733
  endloop
 endfacet

 facet normal -0.847180009 0.446419299 -0.288089961
  outer loop
  vertex -0.0662123859 0.0299999993 0.0782714263
  vertex -0.0660944507 0.0299999993 0.0779246166
  vertex -0.0671654344 0.0279367156 0.0778768063
  endloop
 endfacet

 facet normal 0.395281464 0.446415246 0.802786469
  outer loop
  vertex -0.0701012388 0.0278035887 -0.0707746446
  vertex -0.0703214258 0.0299999993 -0.0718876123
  vertex -0.0706502497 0.0299999993 -0.0717257038
  endloop
 endfacet

 facet normal 0 1 0
  outer loop
  vertex -0.0680753887 0.0299999993 0.0744944438
  vertex -0.067728579 0.0299999993 0.0746123865
  vertex -0.0681785718 0.0299999993 -0.0667123869
  endloop
 endfacet

 facet normal 0 1 0
  outer loop
  vertex -0.0678497478 0.0299999993 -0.0668742955
  vertex -0.0681785718 0.0299999993 -0.0667123869
  vertex -0.067728579 0.0299999993 0.0746123865
  endloop
 endfacet

 facet normal 0 1 0
  outer loop
  vertex -0.0684341937 0.0299999993 0.0744224861
  vertex -0.0680753887 0.0299999993 0.0744944438
  vertex -0.0685253888 0.0299999993 -0.0665944517
  endloop
 endfacet

 facet normal 0 1 0
  outer loop
  vertex -0.0685253888 0.0299999993 -0.0665944517
  vertex -0.0688841939 0.0299999993 -0.0665224865
  vertex -0.0684341937 0.0299999993 0.0744224861
  endloop
 endfacet

 facet normal 0 1 0
  outer loop
  vertex -0.0688841939 0.0299999993 -0.0665224865
  vertex -0.0692500025 0.0299999993 -0.066499494
  vertex -0.0688000023 0.0299999993 0.0743995011
  endloop
 endfacet

 facet normal 0 1 0
  outer loop
  vertex -0.0691658035 0.0299999993 0.0744224861
  vertex -0.0688000023 0.0299999993 0.0743995011
  vertex -0.0692500025 0.0299999993 -0.066499494
  endloop
 endfacet

 facet normal 0 1 0
  outer loop
  vertex -0.0692500025 0.0299999993 -0.066499494
  vertex -0.0696158037 0.0299999993 -0.0665224865
  vertex -0.0691658035 0.0299999993 0.0744224861
  endloop
 endfacet

 facet normal 0 1 0
  outer loop
  vertex -0.0696158037 0.0299999993 -0.0665224865
  vertex -0.0699746087 0.0299999993 -0.0665944517
  vertex -0.069524616 0.0299999993 0.0744944438
  endloop
 endfacet

 facet normal 0 1 0
  outer loop
  vertex -0.0712309405 0.0299999993 -0.0673190579
  vertex -0.0705050901 0.0299999993 0.0749781877
  vertex -0.0709550828 0.0299999993 -0.0670781881
  endloop
 endfacet

 facet normal -0.259121001 -1.34945751e-07 0.96584487
  outer loop
  vertex 0.102057956 0.0278304126 -0.0702862516
  vertex 0.101839647 0.0277424213 -0.0703448206
  vertex 0.102126002 0.0149999997 -0.0702679977
  endloop
 endfacet

 facet normal 0.966124952 0 0.25807479
  outer loop
  vertex 0.0994980037 0.0278214626 0.0767500028
  vertex 0.0994980037 0.0149999997 0.0767500028
  vertex 0.0995380729 0.0277224556 0.0766000003
  endloop
 endfacet

 facet normal 0.259120405 2.77496753e-07 0.965845048
  outer loop
  vertex -0.0701012388 0.0278035887 -0.0707746446
  vertex -0.0701259971 0.0149999997 -0.0707679987
  vertex -0.0698846504 0.0277162865 -0.0708327517
  endloop
 endfacet

 facet normal 0.259108543 0 0.965848207
  outer loop
  vertex 0.100373998 0.0277692918 -0.0702679977
  vertex 0.100373998 0.0149999997 -0.0702679977
  vertex 0.100570351 0.0276901517 -0.0703206733
  endloop
 endfacet

 facet normal -0.707106829 -4.15191494e-07 0.707106769
  outer loop
  vertex 0.102196068 0.0276705548 0.0753020719
  vertex 0.102126002 0.0149999997 0.0752319992
  vertex 0.102347001 0.0276416615 0.0754530057
  endloop
 endfacet

 facet normal -0.847185612 0.446421742 -0.288069576
  outer loop
  vertex -0.0671058521 0.0279058423 0.0776537359
  vertex -0.0671654344 0.0279367156 0.0778768063
  vertex -0.0660944507 0.0299999993 0.0779246166
  endloop
 endfacet

 facet normal 0.877323985 0.446475834 -0.175960287
  outer loop
  vertex 0.0984224826 0.0299999993 0.0769658014
  vertex 0.0984944478 0.0299999993 0.0773246139
  vertex 0.0995171368 0.0277921911 0.0768216401
  endloop
 endfacet

 facet normal 0.877328753 0.446473807 -0.175941706
  outer loop
  vertex 0.0995742381 0.0277642272 0.0770354122
  vertex 0.0995171368 0.0277921911 0.0768216401
  vertex 0.0984944478 0.0299999993 0.0773246139
  endloop
 endfacet

 facet normal 0.395452231 0.446421385 0.802698851
  outer loop
  vertex 0.100360431 0.0277569015 -0.0702544227
  vertex 0.100373998 0.0277692918 -0.0702679977
  vertex 0.0997997522 0.0299999993 -0.0712257028
  endloop
 endfacet

 facet normal 0.395290703 0.446415156 0.80278194
  outer loop
  vertex 0.100570351 0.0276901517 -0.0703206733
  vertex 0.100128569 0.0299999993 -0.0713876113
  vertex 0.100373998 0.0277692918 -0.0702679977
  endloop
 endfacet

 facet normal 0 1 0
  outer loop
  vertex -0.0716756955 0.0299999993 -0.0678997487
  vertex -0.0705050901 0.0299999993 0.0749781877
  vertex -0.0714718103 0.0299999993 -0.0675949082
  endloop
 endfacet

 facet normal 0 1 0
  outer loop
  vertex -0.0714718103 0.0299999993 -0.0675949082
  vertex -0.0705050901 0.0299999993 0.0749781877
  vertex -0.0712309405 0.0299999993 -0.0673190579
  endloop
 endfacet

 facet normal 0 1 0
  outer loop
  vertex -0.0719555542 0.0299999993 -0.0685753897
  vertex -0.100000001 0.0299999993 -0.0899982005
  vertex -0.0718376189 0.0299999993 -0.0682285801
  endloop
 endfacet

 facet normal 0 1 0
  outer loop
  vertex -0.0720275119 0.0299999993 -0.0689341947
  vertex -0.100000001 0.0299999993 -0.0899982005
  vertex -0.0719555542 0.0299999993 -0.0685753897
  endloop
 endfacet

 facet normal 0 1 0
  outer loop
  vertex -0.100000001 0.0299999993 -0.0899982005
  vertex -0.0705050901 0.0299999993 0.0749781877
  vertex -0.0716756955 0.0299999993 -0.0678997487
  endloop
 endfacet

 facet normal 0 1 0
  outer loop
  vertex -0.0720514953 0.0299999993 -0.0693000033
  vertex -0.100000001 0.0299999993 -0.0899982005
  vertex -0.0720275119 0.0299999993 -0.0689341947
  endloop
 endfacet

 facet normal 0 1 0
  outer loop
  vertex -0.0720275119 0.0299999993 -0.0696658045
  vertex -0.100000001 0.0299999993 -0.0899982005
  vertex -0.0720514953 0.0299999993 -0.0693000033
  endloop
 endfacet

 facet normal 0 1 0
  outer loop
  vertex -0.0720275119 0.0299999993 -0.0696658045
  vertex -0.0719555542 0.0299999993 -0.0700246096
  vertex -0.100000001 0.0299999993 -0.0899982005
  endloop
 endfacet

 facet normal 0 1 0
  outer loop
  vertex -0.069524616 0.0299999993 0.0744944438
  vertex -0.0699746087 0.0299999993 -0.0665944517
  vertex -0.0698714331 0.0299999993 0.0746123865
  endloop
 endfacet

 facet normal 0.966134787 0 -0.258037865
  outer loop
  vertex 0.0994980037 0.0149999997 0.0767500028
  vertex 0.0994980037 0.0278214626 0.0767500028
  vertex 0.0995171368 0.0277921911 0.0768216401
  endloop
 endfacet

 facet normal 0.966127574 1.62737692e-07 -0.258065045
  outer loop
  vertex 0.0994980037 0.0149999997 0.0767500028
  vertex 0.0995171368 0.0277921911 0.0768216401
  vertex 0.0995742381 0.0277642272 0.0770354122
  endloop
 endfacet

 facet normal 0.395288676 0.446415365 0.802782774
  outer loop
  vertex 0.0997997522 0.0299999993 -0.0712257028
  vertex 0.100373998 0.0277692918 -0.0702679977
  vertex 0.100128569 0.0299999993 -0.0713876113
  endloop
 endfacet

 facet normal -0.966123044 -2.25669368e-07 -0.258082002
  outer loop
  vertex -0.0669979975 0.0149999997 0.0772499964
  vertex -0.0672320053 0.0149999997 0.0781259984
  vertex -0.0671058521 0.0279058423 0.0776537359
  endloop
 endfacet

 facet normal 0.497467697 0.446412921 0.743802071
  outer loop
  vertex -0.0702677816 0.0277418848 -0.0706262216
  vertex -0.0701259971 0.0278201103 -0.0707679987
  vertex -0.0709550828 0.0299999993 -0.0715218112
  endloop
 endfacet

 facet normal 0.497546345 0.446413636 0.743749082
  outer loop
  vertex -0.0701012388 0.0278035887 -0.0707746446
  vertex -0.0706502497 0.0299999993 -0.0717257038
  vertex -0.0701259971 0.0278201103 -0.0707679987
  endloop
 endfacet

 facet normal 0.497492075 0.446415901 0.743783891
  outer loop
  vertex -0.0709550828 0.0299999993 -0.0715218112
  vertex -0.0701259971 0.0278201103 -0.0707679987
  vertex -0.0706502497 0.0299999993 -0.0717257038
  endloop
 endfacet

 facet normal -0.258071691 -2.2908722e-07 0.966125727
  outer loop
  vertex 0.101405516 0.0275453068 0.0750395432
  vertex 0.10125 0.0149999997 0.0749979988
  vertex 0.101603746 0.0275193788 0.0750924945
  endloop
 endfacet

 facet normal 0.847176313 0.446419537 0.288100719
  outer loop
  vertex 0.0986123905 0.0299999993 -0.0698714331
  vertex 0.0984944478 0.0299999993 -0.069524616
  vertex 0.0996795297 0.027689714 -0.0694295689
  endloop
 endfacet

 facet normal 0.707088232 0 0.707125366
  outer loop
  vertex -0.0701259971 0.0149999997 -0.0707679987
  vertex -0.0701259971 0.0278201103 -0.0707679987
  vertex -0.0702677816 0.0277418848 -0.0706262216
  endloop
 endfacet

 facet normal 0.259101689 8.83275888e-08 0.965850055
  outer loop
  vertex 0.10125 0.0149999997 -0.0705029964
  vertex 0.10077782 0.0276618842 -0.0703763291
  vertex 0.100373998 0.0149999997 -0.0702679977
  endloop
 endfacet

 facet normal 0.847175121 0.446417868 -0.288106531
  outer loop
  vertex 0.0986123905 0.0299999993 0.0776714236
  vertex 0.0996314213 0.0277938563 0.0772494823
  vertex 0.0984944478 0.0299999993 0.0773246139
  endloop
 endfacet

 facet normal 0.84717983 0.446419686 -0.28809011
  outer loop
  vertex 0.0995742381 0.0277642272 0.0770354122
  vertex 0.0984944478 0.0299999993 0.0773246139
  vertex 0.0996314213 0.0277938563 0.0772494823
  endloop
 endfacet

 facet normal 0.25909254 -1.61358045e-07 0.965852499
  outer loop
  vertex -0.0694666356 0.027715588 -0.0709448829
  vertex -0.0696755275 0.0276877955 -0.0708888471
  vertex -0.0692500025 0.0149999997 -0.0710029975
  endloop
 endfacet

 facet normal 0.259254217 0 0.965809107
  outer loop
  vertex -0.0701259971 0.0278201103 -0.0707679987
  vertex -0.0701259971 0.0149999997 -0.0707679987
  vertex -0.0701012388 0.0278035887 -0.0707746446
  endloop
 endfacet

 facet normal 0.966124475 4.35193726e-07 -0.25807637
  outer loop
  vertex 0.0994980037 0.0149999997 0.0767500028
  vertex 0.0995742381 0.0277642272 0.0770354122
  vertex 0.0997320041 0.0149999997 0.0776259974
  endloop
 endfacet

 facet normal 0.966119885 0 0.258093685
  outer loop
  vertex 0.0997320041 0.0149999997 -0.0696259961
  vertex 0.0997320041 0.0277692918 -0.0696259961
  vertex 0.0996795297 0.027689714 -0.0694295689
  endloop
 endfacet

 facet normal 0.966122031 1.31046392e-07 0.258085847
  outer loop
  vertex 0.0996240973 0.0276609939 -0.0692220628
  vertex 0.0997320041 0.0149999997 -0.0696259961
  vertex 0.0996795297 0.027689714 -0.0694295689
  endloop
 endfacet

 facet normal 0.89285934 0.446511596 0.0585625693
  outer loop
  vertex -0.0709302202 0.027786864 -0.0695212856
  vertex -0.0720275119 0.0299999993 -0.0696658045
  vertex -0.0709895864 0.0278765522 -0.0693000033
  endloop
 endfacet

 facet normal 0.497483462 0.446416497 0.743789315
  outer loop
  vertex 0.0997997522 0.0299999993 -0.0712257028
  vertex 0.0994949117 0.0299999993 -0.0710218102
  vertex 0.100360431 0.0277569015 -0.0702544227
  endloop
 endfacet

 facet normal 0.707300842 0 0.706912696
  outer loop
  vertex 0.0997320041 0.0149999997 -0.0696259961
  vertex 0.0997455716 0.0277569015 -0.069639571
  vertex 0.0997320041 0.0277692918 -0.0696259961
  endloop
 endfacet

 facet normal 0.96586138 0 0.259059817
  outer loop
  vertex -0.0710029975 0.0279099308 -0.0692500025
  vertex -0.0710029975 0.0149999997 -0.0692500025
  vertex -0.0709895864 0.0278765522 -0.0693000033
  endloop
 endfacet

 facet normal -0.258050978 8.94514415e-07 0.96613133
  outer loop
  vertex 0.101802245 0.0275468528 0.0751455128
  vertex 0.101603746 0.0275193788 0.0750924945
  vertex 0.102126002 0.0149999997 0.0752319992
  endloop
 endfacet

 facet normal 0.877330303 0.446473956 -0.175933659
  outer loop
  vertex -0.0704013631 0.0277137067 0.0776288807
  vertex -0.0704578385 0.027741719 0.0774183422
  vertex -0.071505554 0.0299999993 0.0779246166
  endloop
 endfacet

 facet normal 0.892859459 0.446507633 -0.0585910305
  outer loop
  vertex -0.0720514953 0.0299999993 -0.0693000033
  vertex -0.0710029975 0.0279099308 -0.0692500025
  vertex -0.0709895864 0.0278765522 -0.0693000033
  endloop
 endfacet

 facet normal 0.258077949 -4.48374237e-07 0.966124058
  outer loop
  vertex 0.100607723 0.0274947807 0.0751695707
  vertex 0.100373998 0.0149999997 0.0752319992
  vertex 0.100802936 0.0274677612 0.0751174241
  endloop
 endfacet

 facet normal 0.802781522 0.446412623 -0.395294279
  outer loop
  vertex 0.0996314213 0.0277938563 0.0772494823
  vertex 0.0986123905 0.0299999993 0.0776714236
  vertex 0.0996906683 0.0278837048 0.0774712712
  endloop
 endfacet

 facet normal 0.802790046 0.446415067 -0.395274282
  outer loop
  vertex 0.098774299 0.0299999993 0.0780002549
  vertex 0.0996906683 0.0278837048 0.0774712712
  vertex 0.0986123905 0.0299999993 0.0776714236
  endloop
 endfacet

 facet normal 0.892861843 0.446509957 -0.0585371926
  outer loop
  vertex -0.0720275119 0.0299999993 -0.0689341947
  vertex -0.0709561333 0.0278391223 -0.0690753013
  vertex -0.0710029975 0.0279099308 -0.0692500025
  endloop
 endfacet

 facet normal 0.892861724 0.446510047 -0.0585384741
  outer loop
  vertex -0.0720275119 0.0299999993 -0.0689341947
  vertex -0.0710029975 0.0279099308 -0.0692500025
  vertex -0.0720514953 0.0299999993 -0.0693000033
  endloop
 endfacet

 facet normal 0.847176969 0.446419775 -0.288098425
  outer loop
  vertex -0.0704013631 0.0277137067 0.0776288807
  vertex -0.071505554 0.0299999993 0.0779246166
  vertex -0.0703448206 0.0277424213 0.0778396428
  endloop
 endfacet

 facet normal 0.966122746 2.55511424e-07 -0.258082896
  outer loop
  vertex 0.0996906683 0.0278837048 0.0774712712
  vertex 0.0997320041 0.0149999997 0.0776259974
  vertex 0.0996314213 0.0277938563 0.0772494823
  endloop
 endfacet

 facet normal 0.877323747 0.446476221 0.175960258
  outer loop
  vertex 0.0984224826 0.0299999993 -0.0691658035
  vertex 0.099568747 0.0276880991 -0.0690148398
  vertex 0.0984944478 0.0299999993 -0.069524616
  endloop
 endfacet

 facet normal 0.877329051 0.446474135 0.175939485
  outer loop
  vertex 0.0996240973 0.0276609939 -0.0692220628
  vertex 0.0984944478 0.0299999993 -0.069524616
  vertex 0.099568747 0.0276880991 -0.0690148398
  endloop
 endfacet

 facet normal 0.58854413 0.446454942 0.674013257
  outer loop
  vertex -0.0709550828 0.0299999993 -0.0715218112
  vertex -0.0712309405 0.0299999993 -0.0712809339
  vertex -0.0702677816 0.0277418848 -0.0706262216
  endloop
 endfacet

 facet normal 0.497451544 0.446412385 0.743813157
  outer loop
  vertex 0.100203924 0.0276705548 -0.0700979307
  vertex 0.100360431 0.0277569015 -0.0702544227
  vertex 0.0994949117 0.0299999993 -0.0710218102
  endloop
 endfacet

 facet normal 0.966120899 4.39187318e-07 0.25808996
  outer loop
  vertex 0.0995113552 0.0277758911 -0.0688000023
  vertex 0.0994980037 0.0149999997 -0.0687500015
  vertex 0.099568747 0.0276880991 -0.0690148398
  endloop
 endfacet

 facet normal 0.847174644 0.446418852 -0.288106352
  outer loop
  vertex -0.0713876113 0.0299999993 0.0782714263
  vertex -0.0703448206 0.0277424213 0.0778396428
  vertex -0.071505554 0.0299999993 0.0779246166
  endloop
 endfacet

 facet normal 0.707300842 0 0.706912696
  outer loop
  vertex 0.100373998 0.0149999997 -0.0702679977
  vertex 0.100373998 0.0277692918 -0.0702679977
  vertex 0.100360431 0.0277569015 -0.0702544227
  endloop
 endfacet

 facet normal 0.707073331 -4.84361124e-07 0.707140267
  outer loop
  vertex 0.100373998 0.0149999997 -0.0702679977
  vertex 0.100360431 0.0277569015 -0.0702544227
  vertex 0.100203924 0.0276705548 -0.0700979307
  endloop
 endfacet

 facet normal 0.588554144 0.446456403 0.674003601
  outer loop
  vertex -0.0704219937 0.0277123582 -0.070472002
  vertex -0.0702677816 0.0277418848 -0.0706262216
  vertex -0.0712309405 0.0299999993 -0.0712809339
  endloop
 endfacet

 facet normal 0.802776814 0.446413577 -0.395302951
  outer loop
  vertex -0.0713876113 0.0299999993 0.0782714263
  vertex -0.0702862516 0.0278304126 0.0780579522
  vertex -0.0703448206 0.0277424213 0.0778396428
  endloop
 endfacet

 facet normal 0.877328873 0.446474016 -0.175940424
  outer loop
  vertex -0.0709561333 0.0278391223 -0.0690753013
  vertex -0.0719555542 0.0299999993 -0.0685753897
  vertex -0.0708980113 0.0278102942 -0.068858631
  endloop
 endfacet

 facet normal 0.707106769 3.07810138e-10 0.707106769
  outer loop
  vertex -0.0707679987 0.0149999997 -0.0701259971
  vertex -0.0701259971 0.0149999997 -0.0707679987
  vertex -0.0704219937 0.0277123582 -0.070472002
  endloop
 endfacet

 facet normal 0.74382323 0.44641304 -0.497435808
  outer loop
  vertex 0.0989781842 0.0299999993 0.0783050805
  vertex 0.0997889116 0.0279558692 0.0776829123
  vertex 0.0997320041 0.0279872697 0.0776259974
  endloop
 endfacet

 facet normal 0.743786335 0.446416914 -0.497487694
  outer loop
  vertex 0.0989781842 0.0299999993 0.0783050805
  vertex 0.0997320041 0.0279872697 0.0776259974
  vertex 0.098774299 0.0299999993 0.0780002549
  endloop
 endfacet

 facet normal 0.743774295 0.446414828 -0.497507513
  outer loop
  vertex 0.0996906683 0.0278837048 0.0774712712
  vertex 0.098774299 0.0299999993 0.0780002549
  vertex 0.0997320041 0.0279872697 0.0776259974
  endloop
 endfacet

 facet normal 0.70708859 -7.87767874e-07 0.707125008
  outer loop
  vertex 0.100247353 0.0275278986 0.0753586516
  vertex 0.100102998 0.0275002625 0.0755029991
  vertex 0.100373998 0.0149999997 0.0752319992
  endloop
 endfacet

 facet normal -0.707110941 2.03663262e-07 -0.707102716
  outer loop
  vertex -0.0678739995 0.0149999997 0.078768
  vertex -0.0675529987 0.0279244557 0.0784469992
  vertex -0.0672320053 0.0149999997 0.0781259984
  endloop
 endfacet

 facet normal 0.877327383 0.446474761 -0.175946355
  outer loop
  vertex -0.0709561333 0.0278391223 -0.0690753013
  vertex -0.0720275119 0.0299999993 -0.0689341947
  vertex -0.0719555542 0.0299999993 -0.0685753897
  endloop
 endfacet

 facet normal 0.802786052 0.44641611 -0.395281166
  outer loop
  vertex -0.0702862516 0.0278304126 0.0780579522
  vertex -0.0713876113 0.0299999993 0.0782714263
  vertex -0.0712257028 0.0299999993 0.0786002502
  endloop
 endfacet

 facet normal 0.965850055 3.2430583e-07 -0.259101659
  outer loop
  vertex -0.0707679987 0.0149999997 -0.0683740005
  vertex -0.0710029975 0.0149999997 -0.0692500025
  vertex -0.0708980113 0.0278102942 -0.068858631
  endloop
 endfacet

 facet normal 0.893047512 0.446447551 0.0561311319
  outer loop
  vertex 0.099568747 0.0276880991 -0.0690148398
  vertex 0.0984224826 0.0299999993 -0.0691658035
  vertex 0.0995113552 0.0277758911 -0.0688000023
  endloop
 endfacet

 facet normal 0.893049479 0.446445823 0.0561145842
  outer loop
  vertex 0.0983994976 0.0299999993 -0.0688000023
  vertex 0.0995113552 0.0277758911 -0.0688000023
  vertex 0.0984224826 0.0299999993 -0.0691658035
  endloop
 endfacet

 facet normal 0.965846896 3.91291195e-08 -0.259113848
  outer loop
  vertex -0.0702679977 0.0149999997 0.0781259984
  vertex -0.0704013631 0.0277137067 0.0776288807
  vertex -0.0703448206 0.0277424213 0.0778396428
  endloop
 endfacet

 facet normal 0.96584487 -1.34945751e-07 -0.259121001
  outer loop
  vertex -0.0702862516 0.0278304126 0.0780579522
  vertex -0.0702679977 0.0149999997 0.0781259984
  vertex -0.0703448206 0.0277424213 0.0778396428
  endloop
 endfacet

 facet normal 0.707153082 0 -0.707060516
  outer loop
  vertex 0.0997320041 0.0149999997 0.0776259974
  vertex 0.0997320041 0.0279872697 0.0776259974
  vertex 0.0997889116 0.0279558692 0.0776829123
  endloop
 endfacet

 facet normal 0.966124594 4.53026331e-07 0.2580764
  outer loop
  vertex 0.0997320041 0.0149999997 -0.0696259961
  vertex 0.0996240973 0.0276609939 -0.0692220628
  vertex 0.0994980037 0.0149999997 -0.0687500015
  endloop
 endfacet

 facet normal 0.743804574 0.446413845 -0.497463167
  outer loop
  vertex -0.0701545104 0.0278132129 0.0782394931
  vertex -0.0702679977 0.0278758295 0.0781259984
  vertex -0.0710218102 0.0299999993 0.0789050907
  endloop
 endfacet

 facet normal 0.966117501 0 -0.258102715
  outer loop
  vertex 0.0997320041 0.0279872697 0.0776259974
  vertex 0.0997320041 0.0149999997 0.0776259974
  vertex 0.0996906683 0.0278837048 0.0774712712
  endloop
 endfacet

 facet normal 0.588575244 0.446459472 0.673983097
  outer loop
  vertex 0.100203924 0.0276705548 -0.0700979307
  vertex 0.0992190614 0.0299999993 -0.0707809404
  vertex 0.100053005 0.0276416615 -0.0699469969
  endloop
 endfacet

 facet normal 0.847180545 0.446420014 -0.288087428
  outer loop
  vertex -0.0719555542 0.0299999993 -0.0685753897
  vertex -0.0708398223 0.027839845 -0.0686417222
  vertex -0.0708980113 0.0278102942 -0.068858631
  endloop
 endfacet

 facet normal 0.743789494 0.44641602 -0.497483611
  outer loop
  vertex -0.0710218102 0.0299999993 0.0789050907
  vertex -0.0702679977 0.0278758295 0.0781259984
  vertex -0.0712257028 0.0299999993 0.0786002502
  endloop
 endfacet

 facet normal 0.743789136 0.44641602 -0.497484267
  outer loop
  vertex -0.0702862516 0.0278304126 0.0780579522
  vertex -0.0712257028 0.0299999993 0.0786002502
  vertex -0.0702679977 0.0278758295 0.0781259984
  endloop
 endfacet

 facet normal 0.84717983 0.446419656 -0.288089931
  outer loop
  vertex -0.0718376189 0.0299999993 -0.0682285801
  vertex -0.0708398223 0.027839845 -0.0686417222
  vertex -0.0719555542 0.0299999993 -0.0685753897
  endloop
 endfacet

 facet normal 0.588542879 0.446454972 0.67401439
  outer loop
  vertex 0.100203924 0.0276705548 -0.0700979307
  vertex 0.0994949117 0.0299999993 -0.0710218102
  vertex 0.0992190614 0.0299999993 -0.0707809404
  endloop
 endfacet

 facet normal 0.965849519 2.41529705e-07 -0.259103686
  outer loop
  vertex -0.0708398223 0.027839845 -0.0686417222
  vertex -0.0707679987 0.0149999997 -0.0683740005
  vertex -0.0708980113 0.0278102942 -0.068858631
  endloop
 endfacet

 facet normal 0.67401284 0.446455926 -0.588543832
  outer loop
  vertex 0.0989781842 0.0299999993 0.0783050805
  vertex 0.0992190614 0.0299999993 0.0785809383
  vertex 0.0997889116 0.0279558692 0.0776829123
  endloop
 endfacet

 facet normal 0.674001575 0.446456879 0.588556051
  outer loop
  vertex -0.0704219937 0.0277123582 -0.070472002
  vertex -0.0712309405 0.0299999993 -0.0712809339
  vertex -0.0705762208 0.0277418848 -0.0703177825
  endloop
 endfacet

 facet normal 0.674005985 0.446456194 0.588551462
  outer loop
  vertex -0.0714718103 0.0299999993 -0.0710050911
  vertex -0.0705762208 0.0277418848 -0.0703177825
  vertex -0.0712309405 0.0299999993 -0.0712809339
  endloop
 endfacet

 facet normal 0.893044949 0.446443558 -0.0562040322
  outer loop
  vertex 0.0995113552 0.0277758911 -0.0688000023
  vertex 0.0983994976 0.0299999993 -0.0688000023
  vertex 0.0994980037 0.0278088935 -0.0687500015
  endloop
 endfacet

 facet normal 0.893051088 0.446445435 -0.0560906902
  outer loop
  vertex 0.0995429382 0.0277401451 -0.0685817674
  vertex 0.0994980037 0.0278088935 -0.0687500015
  vertex 0.0984224826 0.0299999993 -0.0684341937
  endloop
 endfacet

 facet normal 0.893048704 0.446447492 -0.0561133884
  outer loop
  vertex 0.0983994976 0.0299999993 -0.0688000023
  vertex 0.0984224826 0.0299999993 -0.0684341937
  vertex 0.0994980037 0.0278088935 -0.0687500015
  endloop
 endfacet

 facet normal 0.707090735 5.47546563e-07 -0.707122862
  outer loop
  vertex 0.0999530032 0.0279244557 0.0778469965
  vertex 0.0997320041 0.0149999997 0.0776259974
  vertex 0.0997889116 0.0279558692 0.0776829123
  endloop
 endfacet

 facet normal 0.965851247 0 -0.259097278
  outer loop
  vertex -0.0702679977 0.0278758295 0.0781259984
  vertex -0.0702679977 0.0149999997 0.0781259984
  vertex -0.0702862516 0.0278304126 0.0780579522
  endloop
 endfacet

 facet normal 0.966131985 0 -0.258048803
  outer loop
  vertex 0.0994980037 0.0149999997 -0.0687500015
  vertex 0.0994980037 0.0278088935 -0.0687500015
  vertex 0.0995429382 0.0277401451 -0.0685817674
  endloop
 endfacet

 facet normal 0.707089841 9.25042229e-07 0.707123756
  outer loop
  vertex -0.0705762208 0.0277418848 -0.0703177825
  vertex -0.0707679987 0.0149999997 -0.0701259971
  vertex -0.0704219937 0.0277123582 -0.070472002
  endloop
 endfacet

 facet normal 0.802773356 0.446414173 -0.39530921
  outer loop
  vertex -0.0708398223 0.027839845 -0.0686417222
  vertex -0.0718376189 0.0299999993 -0.0682285801
  vertex -0.0707795471 0.0279303994 -0.0684170574
  endloop
 endfacet

 facet normal 0.965854943 9.97697782e-08 0.259083599
  outer loop
  vertex -0.0704895854 0.027776571 0.0771999955
  vertex -0.0705029964 0.0149999997 0.0772499964
  vertex -0.0704319328 0.0276894588 0.0769850686
  endloop
 endfacet

 facet normal 0.673996806 0.446458906 0.588559985
  outer loop
  vertex 0.100053005 0.0276416615 -0.0699469969
  vertex 0.0992190614 0.0299999993 -0.0707809404
  vertex 0.0999020711 0.0276705548 -0.0697960705
  endloop
 endfacet

 facet normal 0.674013853 0.446456283 -0.588542461
  outer loop
  vertex -0.0710218102 0.0299999993 0.0789050907
  vertex -0.0707809404 0.0299999993 0.079180941
  vertex -0.0701545104 0.0278132129 0.0782394931
  endloop
 endfacet

 facet normal 0.966124952 5.04315608e-07 -0.258075029
  outer loop
  vertex 0.0996314213 0.0277938563 0.0772494823
  vertex 0.0997320041 0.0149999997 0.0776259974
  vertex 0.0995742381 0.0277642272 0.0770354122
  endloop
 endfacet

 facet normal 0.802775741 0.446414888 -0.395303607
  outer loop
  vertex -0.0716756955 0.0299999993 -0.0678997487
  vertex -0.0707795471 0.0279303994 -0.0684170574
  vertex -0.0718376189 0.0299999993 -0.0682285801
  endloop
 endfacet

 facet normal 0.966148853 0 0.257985204
  outer loop
  vertex 0.0994980037 0.0278088935 -0.0687500015
  vertex 0.0994980037 0.0149999997 -0.0687500015
  vertex 0.0995113552 0.0277758911 -0.0688000023
  endloop
 endfacet

 facet normal 0.674028635 0.446454018 -0.588527262
  outer loop
  vertex -0.0699970052 0.0277830586 0.0783970058
  vertex -0.0701545104 0.0278132129 0.0782394931
  vertex -0.0707809404 0.0299999993 0.079180941
  endloop
 endfacet

 facet normal 0.674004316 0.446457833 0.588552237
  outer loop
  vertex 0.0989781842 0.0299999993 -0.0705050901
  vertex 0.0999020711 0.0276705548 -0.0697960705
  vertex 0.0992190614 0.0299999993 -0.0707809404
  endloop
 endfacet

 facet normal 0.965852439 0 -0.259092987
  outer loop
  vertex -0.0710029975 0.0279099308 -0.0692500025
  vertex -0.0709561333 0.0278391223 -0.0690753013
  vertex -0.0710029975 0.0149999997 -0.0692500025
  endloop
 endfacet

 facet normal 0.965843737 -2.47164678e-07 -0.25912559
  outer loop
  vertex -0.0707795471 0.0279303994 -0.0684170574
  vertex -0.0707679987 0.0149999997 -0.0683740005
  vertex -0.0708398223 0.027839845 -0.0686417222
  endloop
 endfacet

 facet normal 0.74379003 0.446414769 0.497483969
  outer loop
  vertex -0.0705762208 0.0277418848 -0.0703177825
  vertex -0.0714718103 0.0299999993 -0.0710050911
  vertex -0.0707361251 0.0278301109 -0.0701578781
  endloop
 endfacet

 facet normal 0.707106829 8.24501285e-07 -0.707106829
  outer loop
  vertex -0.0696259961 0.0149999997 0.078768
  vertex -0.0702679977 0.0149999997 0.0781259984
  vertex -0.0699970052 0.0277830586 0.0783970058
  endloop
 endfacet

 facet normal 0.707089484 8.82258632e-07 0.707124114
  outer loop
  vertex 0.0999020711 0.0276705548 -0.0697960705
  vertex 0.0997320041 0.0149999997 -0.0696259961
  vertex 0.100053005 0.0276416615 -0.0699469969
  endloop
 endfacet

 facet normal 0.743790686 0.446415633 -0.49748227
  outer loop
  vertex -0.0706328005 0.0278845411 -0.0682388023
  vertex -0.0707679987 0.0279591363 -0.0683740005
  vertex -0.0714718103 0.0299999993 -0.0675949082
  endloop
 endfacet

 facet normal 0.259100169 1.3891777e-07 0.965850472
  outer loop
  vertex 0.100570351 0.0276901517 -0.0703206733
  vertex 0.100373998 0.0149999997 -0.0702679977
  vertex 0.10077782 0.0276618842 -0.0703763291
  endloop
 endfacet

 facet normal 0.74379909 0.4464131 0.497471899
  outer loop
  vertex -0.0716756955 0.0299999993 -0.0707002506
  vertex -0.0707361251 0.0278301109 -0.0701578781
  vertex -0.0714718103 0.0299999993 -0.0710050911
  endloop
 endfacet

 facet normal 0.877323389 0.446475446 -0.175963834
  outer loop
  vertex 0.0984224826 0.0299999993 -0.0684341937
  vertex 0.0984944478 0.0299999993 -0.0680753887
  vertex 0.0995429382 0.0277401451 -0.0685817674
  endloop
 endfacet

 facet normal 0.877328277 0.446473449 -0.175944731
  outer loop
  vertex 0.0995991677 0.0277126096 -0.0683712587
  vertex 0.0995429382 0.0277401451 -0.0685817674
  vertex 0.0984944478 0.0299999993 -0.0680753887
  endloop
 endfacet

 facet normal 0.707122862 6.33968341e-07 -0.707090735
  outer loop
  vertex 0.100117087 0.0279558692 0.0780110881
  vertex 0.100373998 0.0149999997 0.078267999
  vertex 0.0999530032 0.0279244557 0.0778469965
  endloop
 endfacet

 facet normal 0.743798614 0.446414322 -0.497471571
  outer loop
  vertex -0.0707679987 0.0279591363 -0.0683740005
  vertex -0.0716756955 0.0299999993 -0.0678997487
  vertex -0.0714718103 0.0299999993 -0.0675949082
  endloop
 endfacet

 facet normal 0.743815243 0.446415484 -0.497445643
  outer loop
  vertex -0.0716756955 0.0299999993 -0.0678997487
  vertex -0.0707679987 0.0279591363 -0.0683740005
  vertex -0.0707795471 0.0279303994 -0.0684170574
  endloop
 endfacet

 facet normal 0.707106888 4.10138625e-07 0.707106709
  outer loop
  vertex -0.0707361251 0.0278301109 -0.0701578781
  vertex -0.0707679987 0.0149999997 -0.0701259971
  vertex -0.0705762208 0.0277418848 -0.0703177825
  endloop
 endfacet

 facet normal 0.966127694 2.27535651e-07 -0.258064866
  outer loop
  vertex 0.0995991677 0.0277126096 -0.0683712587
  vertex 0.0994980037 0.0149999997 -0.0687500015
  vertex 0.0995429382 0.0277401451 -0.0685817674
  endloop
 endfacet

 facet normal 0.743788838 0.446416616 0.497484028
  outer loop
  vertex 0.0999020711 0.0276705548 -0.0697960705
  vertex 0.0989781842 0.0299999993 -0.0705050901
  vertex 0.0997455716 0.0277569015 -0.069639571
  endloop
 endfacet

 facet normal 0.743798375 0.446414918 0.497471392
  outer loop
  vertex 0.098774299 0.0299999993 -0.0702002496
  vertex 0.0997455716 0.0277569015 -0.069639571
  vertex 0.0989781842 0.0299999993 -0.0705050901
  endloop
 endfacet

 facet normal 0.588510454 0.446453333 -0.674043596
  outer loop
  vertex -0.0707809404 0.0299999993 0.079180941
  vertex -0.0698394924 0.0278132129 0.0785545036
  vertex -0.0699970052 0.0277830586 0.0783970058
  endloop
 endfacet

 facet normal 0.965862215 0 -0.25905633
  outer loop
  vertex -0.0707679987 0.0279591363 -0.0683740005
  vertex -0.0707679987 0.0149999997 -0.0683740005
  vertex -0.0707795471 0.0279303994 -0.0684170574
  endloop
 endfacet

 facet normal -0.588545382 0.446456879 0.674010932
  outer loop
  vertex 0.102347001 0.0276416615 0.0754530057
  vertex 0.103180937 0.0299999993 0.0746190622
  vertex 0.102196068 0.0276705548 0.0753020719
  endloop
 endfacet

 facet normal 0.965850055 5.48178491e-07 -0.259101689
  outer loop
  vertex -0.0704013631 0.0277137067 0.0776288807
  vertex -0.0702679977 0.0149999997 0.0781259984
  vertex -0.0705029964 0.0149999997 0.0772499964
  endloop
 endfacet

 facet normal 0.588541865 0.446458101 -0.674013138
  outer loop
  vertex -0.0705050901 0.0299999993 0.0794218108
  vertex -0.0698394924 0.0278132129 0.0785545036
  vertex -0.0707809404 0.0299999993 0.079180941
  endloop
 endfacet

 facet normal 0.847174585 0.446419001 -0.288106352
  outer loop
  vertex 0.0986123905 0.0299999993 -0.067728579
  vertex 0.0996554792 0.0277417842 -0.0681604743
  vertex 0.0984944478 0.0299999993 -0.0680753887
  endloop
 endfacet

 facet normal 0.847172916 0.446418345 -0.28811267
  outer loop
  vertex 0.0995991677 0.0277126096 -0.0683712587
  vertex 0.0984944478 0.0299999993 -0.0680753887
  vertex 0.0996554792 0.0277417842 -0.0681604743
  endloop
 endfacet

 facet normal 0.707111001 -2.08161168e-07 0.707102656
  outer loop
  vertex 0.0997320041 0.0149999997 -0.0696259961
  vertex 0.100373998 0.0149999997 -0.0702679977
  vertex 0.100053005 0.0276416615 -0.0699469969
  endloop
 endfacet

 facet normal 0.707106948 4.12758254e-07 0.707106709
  outer loop
  vertex 0.0997455716 0.0277569015 -0.069639571
  vertex 0.0997320041 0.0149999997 -0.0696259961
  vertex 0.0999020711 0.0276705548 -0.0697960705
  endloop
 endfacet

 facet normal -0.707144439 0 0.707069159
  outer loop
  vertex 0.102126002 0.0277092177 0.0752319992
  vertex 0.102126002 0.0149999997 0.0752319992
  vertex 0.102196068 0.0276705548 0.0753020719
  endloop
 endfacet

 facet normal 0.802772164 0.446414888 0.395310789
  outer loop
  vertex -0.0716756955 0.0299999993 -0.0707002506
  vertex -0.0718376189 0.0299999993 -0.0703714266
  vertex -0.0707679987 0.0278592054 -0.0701259971
  endloop
 endfacet

 facet normal 0.802812815 0.446410745 0.395233035
  outer loop
  vertex -0.0716756955 0.0299999993 -0.0707002506
  vertex -0.0707679987 0.0278592054 -0.0701259971
  vertex -0.0707361251 0.0278301109 -0.0701578781
  endloop
 endfacet

 facet normal 0.707130075 0 -0.707083583
  outer loop
  vertex -0.0702679977 0.0278758295 0.0781259984
  vertex -0.0701545104 0.0278132129 0.0782394931
  vertex -0.0702679977 0.0149999997 0.0781259984
  endloop
 endfacet

 facet normal 0.70707345 -1.1110576e-06 -0.707140148
  outer loop
  vertex -0.0698394924 0.0278132129 0.0785545036
  vertex -0.0696259961 0.0149999997 0.078768
  vertex -0.0699970052 0.0277830586 0.0783970058
  endloop
 endfacet

 facet normal 0.966118097 -5.62076707e-07 -0.25810039
  outer loop
  vertex 0.0996554792 0.0277417842 -0.0681604743
  vertex 0.0997320041 0.0149999997 -0.0678739995
  vertex 0.0995991677 0.0277126096 -0.0683712587
  endloop
 endfacet

 facet normal 0.674013317 0.446457714 -0.588541925
  outer loop
  vertex -0.0714718103 0.0299999993 -0.0675949082
  vertex -0.0712309405 0.0299999993 -0.0673190579
  vertex -0.0706328005 0.0278845411 -0.0682388023
  endloop
 endfacet

 facet normal 0.802781284 0.446417034 0.395289898
  outer loop
  vertex -0.070815675 0.0277875755 -0.0699482784
  vertex -0.0707679987 0.0278592054 -0.0701259971
  vertex -0.0718376189 0.0299999993 -0.0703714266
  endloop
 endfacet

 facet normal 0.965848804 0 0.259106487
  outer loop
  vertex -0.0707679987 0.0149999997 -0.0701259971
  vertex -0.0707679987 0.0278592054 -0.0701259971
  vertex -0.070815675 0.0277875755 -0.0699482784
  endloop
 endfacet

 facet normal -0.497484356 0.446413577 0.743790567
  outer loop
  vertex 0.102600247 0.0299999993 0.0741742998
  vertex 0.102126002 0.0277092177 0.0752319992
  vertex 0.102905087 0.0299999993 0.0743781924
  endloop
 endfacet

 facet normal 0.802782416 0.446416467 0.395288438
  outer loop
  vertex 0.098774299 0.0299999993 -0.0702002496
  vertex 0.0986123905 0.0299999993 -0.0698714331
  vertex 0.0997320041 0.0277692918 -0.0696259961
  endloop
 endfacet

 facet normal 0.802916765 0.446406543 0.395026505
  outer loop
  vertex 0.098774299 0.0299999993 -0.0702002496
  vertex 0.0997320041 0.0277692918 -0.0696259961
  vertex 0.0997455716 0.0277569015 -0.069639571
  endloop
 endfacet

 facet normal 0.497488707 0.446416676 -0.743785679
  outer loop
  vertex -0.0698394924 0.0278132129 0.0785545036
  vertex -0.0705050901 0.0299999993 0.0794218108
  vertex -0.0696761683 0.0279033221 0.0787178278
  endloop
 endfacet

 facet normal 0.674016058 0.446457267 -0.588539183
  outer loop
  vertex -0.070472002 0.0278537553 -0.0680780038
  vertex -0.0706328005 0.0278845411 -0.0682388023
  vertex -0.0712309405 0.0299999993 -0.0673190579
  endloop
 endfacet

 facet normal 0.707123876 7.91948366e-07 0.707089722
  outer loop
  vertex -0.0702677816 0.0277418848 -0.0706262216
  vertex -0.0704219937 0.0277123582 -0.070472002
  vertex -0.0701259971 0.0149999997 -0.0707679987
  endloop
 endfacet

 facet normal 0.707189441 0 0.707024217
  outer loop
  vertex -0.0707679987 0.0278592054 -0.0701259971
  vertex -0.0707679987 0.0149999997 -0.0701259971
  vertex -0.0707361251 0.0278301109 -0.0701578781
  endloop
 endfacet

 facet normal 0.802777648 0.446413279 -0.395301521
  outer loop
  vertex 0.0996554792 0.0277417842 -0.0681604743
  vertex 0.0986123905 0.0299999993 -0.067728579
  vertex 0.0997138172 0.0278302561 -0.0679420903
  endloop
 endfacet

 facet normal -0.965861261 0 0.259059787
  outer loop
  vertex 0.103002995 0.028023025 0.0767500028
  vertex 0.102962762 0.0279228911 0.0766000003
  vertex 0.103002995 0.0149999997 0.0767500028
  endloop
 endfacet

 facet normal -0.497465968 0.446415007 0.743801892
  outer loop
  vertex 0.102007896 0.0276301652 0.0752004534
  vertex 0.102126002 0.0277092177 0.0752319992
  vertex 0.102600247 0.0299999993 0.0741742998
  endloop
 endfacet

 facet normal -0.497512013 0.446415603 0.743770838
  outer loop
  vertex 0.102196068 0.0276705548 0.0753020719
  vertex 0.102905087 0.0299999993 0.0743781924
  vertex 0.102126002 0.0277092177 0.0752319992
  endloop
 endfacet

 facet normal 0.80277276 0.446414053 0.395310491
  outer loop
  vertex 0.0996795297 0.027689714 -0.0694295689
  vertex 0.0997320041 0.0277692918 -0.0696259961
  vertex 0.0986123905 0.0299999993 -0.0698714331
  endloop
 endfacet

 facet normal 0.707106829 0 -0.707106829
  outer loop
  vertex -0.0707679987 0.0149999997 -0.0683740005
  vertex -0.0707679987 0.0279591363 -0.0683740005
  vertex -0.0706328005 0.0278845411 -0.0682388023
  endloop
 endfacet

 facet normal 0.707106769 6.05052175e-10 -0.707106769
  outer loop
  vertex -0.070472002 0.0278537553 -0.0680780038
  vertex -0.0707679987 0.0149999997 -0.0683740005
  vertex -0.0706328005 0.0278845411 -0.0682388023
  endloop
 endfacet

 facet normal 0.80278939 0.446416557 -0.395274013
  outer loop
  vertex 0.098774299 0.0299999993 -0.0673997477
  vertex 0.0997138172 0.0278302561 -0.0679420903
  vertex 0.0986123905 0.0299999993 -0.067728579
  endloop
 endfacet

 facet normal 0.497483611 0.446415961 -0.743789494
  outer loop
  vertex -0.0702002496 0.0299999993 0.0796257034
  vertex -0.0696761683 0.0279033221 0.0787178278
  vertex -0.0705050901 0.0299999993 0.0794218108
  endloop
 endfacet

 facet normal 0.96612215 -1.95159345e-07 -0.258085191
  outer loop
  vertex 0.0997138172 0.0278302561 -0.0679420903
  vertex 0.0997320041 0.0149999997 -0.0678739995
  vertex 0.0996554792 0.0277417842 -0.0681604743
  endloop
 endfacet

 facet normal -0.707111001 -2.73477553e-07 0.707102656
  outer loop
  vertex 0.102767996 0.0149999997 0.0758740008
  vertex 0.102347001 0.0276416615 0.0754530057
  vertex 0.102126002 0.0149999997 0.0752319992
  endloop
 endfacet

 facet normal 0.847180843 0.446421564 0.288084149
  outer loop
  vertex -0.070815675 0.0277875755 -0.0699482784
  vertex -0.0718376189 0.0299999993 -0.0703714266
  vertex -0.0719555542 0.0299999993 -0.0700246096
  endloop
 endfacet

 facet normal 0.847179651 0.446421087 0.288088292
  outer loop
  vertex -0.0708729774 0.0277584717 -0.0697346702
  vertex -0.070815675 0.0277875755 -0.0699482784
  vertex -0.0719555542 0.0299999993 -0.0700246096
  endloop
 endfacet

 facet normal 0.707106829 3.71717102e-11 -0.707106769
  outer loop
  vertex -0.0696761683 0.0279033221 0.0787178278
  vertex -0.0696259961 0.0149999997 0.078768
  vertex -0.0698394924 0.0278132129 0.0785545036
  endloop
 endfacet

 facet normal 0.847176969 0.446419775 0.288098574
  outer loop
  vertex 0.0996240973 0.0276609939 -0.0692220628
  vertex 0.0996795297 0.027689714 -0.0694295689
  vertex 0.0984944478 0.0299999993 -0.069524616
  endloop
 endfacet

 facet normal -0.395296216 0.446414828 0.802779436
  outer loop
  vertex 0.102600247 0.0299999993 0.0741742998
  vertex 0.102271423 0.0299999993 0.0740123838
  vertex 0.102007896 0.0276301652 0.0752004534
  endloop
 endfacet

 facet normal -0.395313144 0.44641301 0.802772164
  outer loop
  vertex 0.101802245 0.0275468528 0.0751455128
  vertex 0.102007896 0.0276301652 0.0752004534
  vertex 0.102271423 0.0299999993 0.0740123838
  endloop
 endfacet

 facet normal 0.96585083 1.15490558e-07 0.259098679
  outer loop
  vertex -0.0708729774 0.0277584717 -0.0697346702
  vertex -0.0707679987 0.0149999997 -0.0701259971
  vertex -0.070815675 0.0277875755 -0.0699482784
  endloop
 endfacet

 facet normal -0.258049548 0 0.966131687
  outer loop
  vertex 0.102126002 0.0149999997 0.0752319992
  vertex 0.102126002 0.0277092177 0.0752319992
  vertex 0.102007896 0.0276301652 0.0752004534
  endloop
 endfacet

 facet normal -0.258102477 -5.30205057e-07 0.966117561
  outer loop
  vertex 0.101802245 0.0275468528 0.0751455128
  vertex 0.102126002 0.0149999997 0.0752319992
  vertex 0.102007896 0.0276301652 0.0752004534
  endloop
 endfacet

 facet normal 0 0.0666716099 -0.997775018
  outer loop
  vertex 0.112000003 0.0149999997 -0.0910005048
  vertex 0.111000001 0.0149999997 -0.0910005048
  vertex 0.131999999 0.0299999993 -0.0899982005
  endloop
 endfacet

 facet normal 0 0.0666716173 -0.997775018
  outer loop
  vertex 0.131999999 0.0299999993 -0.0899982005
  vertex 0.111000001 0.0149999997 -0.0910005048
  vertex 0.0869999975 0.0299999993 -0.0899982005
  endloop
 endfacet

 facet normal 0.743806481 0.446417689 -0.497456729
  outer loop
  vertex 0.0997138172 0.0278302561 -0.0679420903
  vertex 0.098774299 0.0299999993 -0.0673997477
  vertex 0.0997320041 0.0278758295 -0.0678739995
  endloop
 endfacet

 facet normal 0.7437976 0.446416825 -0.497470886
  outer loop
  vertex 0.098774299 0.0299999993 -0.0673997477
  vertex 0.0989781842 0.0299999993 -0.0670949072
  vertex 0.0997320041 0.0278758295 -0.0678739995
  endloop
 endfacet

 facet normal 0 0.0666716099 -0.997775018
  outer loop
  vertex 0.111000001 0.0149999997 -0.0910005048
  vertex 0.0869999975 0.0149999997 -0.0910005048
  vertex 0.0869999975 0.0299999993 -0.0899982005
  endloop
 endfacet

 facet normal 0.395288438 0.44641602 -0.802782476
  outer loop
  vertex -0.0702002496 0.0299999993 0.0796257034
  vertex -0.0698714331 0.0299999993 0.079787612
  vertex -0.0696259961 0.0279491208 0.078768
  endloop
 endfacet

 facet normal 0.395283312 0.446415842 -0.802785158
  outer loop
  vertex -0.0702002496 0.0299999993 0.0796257034
  vertex -0.0696259961 0.0279491208 0.078768
  vertex -0.0696761683 0.0279033221 0.0787178278
  endloop
 endfacet

 facet normal -0.288069755 0.44642055 0.847186208
  outer loop
  vertex 0.101924613 0.0299999993 0.0738944486
  vertex 0.101603746 0.0275193788 0.0750924945
  vertex 0.101802245 0.0275468528 0.0751455128
  endloop
 endfacet

 facet normal 0.395304322 0.44641453 -0.802775621
  outer loop
  vertex -0.0694669187 0.0278850012 0.0788106769
  vertex -0.0696259961 0.0279491208 0.078768
  vertex -0.0698714331 0.0299999993 0.079787612
  endloop
 endfacet

 facet normal 0.877326965 0.446475625 0.175945938
  outer loop
  vertex -0.0719555542 0.0299999993 -0.0700246096
  vertex -0.0709302202 0.027786864 -0.0695212856
  vertex -0.0708729774 0.0277584717 -0.0697346702
  endloop
 endfacet

 facet normal -0.28809011 0.446418583 0.847180367
  outer loop
  vertex 0.102271423 0.0299999993 0.0740123838
  vertex 0.101924613 0.0299999993 0.0738944486
  vertex 0.101802245 0.0275468528 0.0751455128
  endloop
 endfacet

 facet normal 0.966131389 0 -0.258050859
  outer loop
  vertex 0.0997320041 0.0278758295 -0.0678739995
  vertex 0.0997320041 0.0149999997 -0.0678739995
  vertex 0.0997138172 0.0278302561 -0.0679420903
  endloop
 endfacet

 facet normal 0.707123578 1.14944378e-07 -0.70709008
  outer loop
  vertex -0.0701545104 0.0278132129 0.0782394931
  vertex -0.0699970052 0.0277830586 0.0783970058
  vertex -0.0702679977 0.0149999997 0.0781259984
  endloop
 endfacet

 facet normal 0.707106829 0 -0.707106829
  outer loop
  vertex -0.0696259961 0.0279491208 0.078768
  vertex -0.0696259961 0.0149999997 0.078768
  vertex -0.0696761683 0.0279033221 0.0787178278
  endloop
 endfacet

 facet normal -0.258074313 -1.50417335e-07 0.966125011
  outer loop
  vertex 0.10125 0.0149999997 0.0749979988
  vertex 0.102126002 0.0149999997 0.0752319992
  vertex 0.101603746 0.0275193788 0.0750924945
  endloop
 endfacet

 facet normal 0.877326846 0.446475685 0.175946206
  outer loop
  vertex -0.0709302202 0.027786864 -0.0695212856
  vertex -0.0719555542 0.0299999993 -0.0700246096
  vertex -0.0720275119 0.0299999993 -0.0696658045
  endloop
 endfacet

 facet normal -0.707072139 2.3108505e-06 0.707141519
  outer loop
  vertex 0.102767996 0.0149999997 0.0758740008
  vertex 0.102497935 0.0276705548 0.0756039247
  vertex 0.102347001 0.0276416615 0.0754530057
  endloop
 endfacet

 facet normal -0.175953686 0.446474731 0.877325892
  outer loop
  vertex 0.101924613 0.0299999993 0.0738944486
  vertex 0.101405516 0.0275453068 0.0750395432
  vertex 0.101603746 0.0275193788 0.0750924945
  endloop
 endfacet

 facet normal 0.288086832 0.446419001 -0.847181261
  outer loop
  vertex -0.0694669187 0.0278850012 0.0788106769
  vertex -0.069524616 0.0299999993 0.0799055472
  vertex -0.0692471713 0.027855061 0.0788696259
  endloop
 endfacet

 facet normal 0.674015462 0.446454465 -0.588541806
  outer loop
  vertex 0.100002997 0.0277830586 -0.0676029995
  vertex 0.0998454913 0.0278132129 -0.0677605048
  vertex 0.0992190614 0.0299999993 -0.0668190643
  endloop
 endfacet

 facet normal 0.673996568 0.446457446 -0.588561356
  outer loop
  vertex 0.0989781842 0.0299999993 -0.0670949072
  vertex 0.0992190614 0.0299999993 -0.0668190643
  vertex 0.0998454913 0.0278132129 -0.0677605048
  endloop
 endfacet

 facet normal 0.288084477 0.446419299 -0.847181916
  outer loop
  vertex -0.0694669187 0.0278850012 0.0788106769
  vertex -0.0698714331 0.0299999993 0.079787612
  vertex -0.069524616 0.0299999993 0.0799055472
  endloop
 endfacet

 facet normal -0.175960347 0.446475357 0.877324224
  outer loop
  vertex 0.101565801 0.0299999993 0.0738224834
  vertex 0.101405516 0.0275453068 0.0750395432
  vertex 0.101924613 0.0299999993 0.0738944486
  endloop
 endfacet

 facet normal 0.707130075 0 -0.707083583
  outer loop
  vertex 0.0997320041 0.0149999997 -0.0678739995
  vertex 0.0997320041 0.0278758295 -0.0678739995
  vertex 0.0998454913 0.0278132129 -0.0677605048
  endloop
 endfacet

 facet normal 0.707106829 4.1078053e-07 -0.707106829
  outer loop
  vertex 0.100002997 0.0277830586 -0.0676029995
  vertex 0.0997320041 0.0149999997 -0.0678739995
  vertex 0.0998454913 0.0278132129 -0.0677605048
  endloop
 endfacet

 facet normal 0.892862201 0.446508974 0.0585396886
  outer loop
  vertex -0.0720514953 0.0299999993 -0.0693000033
  vertex -0.0709895864 0.0278765522 -0.0693000033
  vertex -0.0720275119 0.0299999993 -0.0696658045
  endloop
 endfacet

 facet normal 0.966125011 5.2988895e-07 -0.258074313
  outer loop
  vertex 0.0994980037 0.0149999997 -0.0687500015
  vertex 0.0995991677 0.0277126096 -0.0683712587
  vertex 0.0997320041 0.0149999997 -0.0678739995
  endloop
 endfacet

 facet normal 0.259115219 0 -0.965846479
  outer loop
  vertex -0.0696259961 0.0149999997 0.078768
  vertex -0.0696259961 0.0279491208 0.078768
  vertex -0.0694669187 0.0278850012 0.0788106769
  endloop
 endfacet

 facet normal 0.259097338 2.36828541e-07 -0.965851247
  outer loop
  vertex -0.0692471713 0.027855061 0.0788696259
  vertex -0.0696259961 0.0149999997 0.078768
  vertex -0.0694669187 0.0278850012 0.0788106769
  endloop
 endfacet

 facet normal 0.965850472 -1.92165245e-07 0.259100229
  outer loop
  vertex -0.0709302202 0.027786864 -0.0695212856
  vertex -0.0710029975 0.0149999997 -0.0692500025
  vertex -0.0708729774 0.0277584717 -0.0697346702
  endloop
 endfacet

 facet normal 0.965845287 2.48890899e-07 0.2591196
  outer loop
  vertex -0.0709895864 0.0278765522 -0.0693000033
  vertex -0.0710029975 0.0149999997 -0.0692500025
  vertex -0.0709302202 0.027786864 -0.0695212856
  endloop
 endfacet

 facet normal -0.707106769 4.10702853e-07 0.707106888
  outer loop
  vertex 0.102239497 0.0278132129 -0.0701545104
  vertex 0.102126002 0.0149999997 -0.0702679977
  vertex 0.102397002 0.0277830586 -0.0699970052
  endloop
 endfacet

 facet normal -0.707110941 5.8633367e-07 0.707102716
  outer loop
  vertex 0.102767996 0.0149999997 -0.0696259961
  vertex 0.102397002 0.0277830586 -0.0699970052
  vertex 0.102126002 0.0149999997 -0.0702679977
  endloop
 endfacet

 facet normal 0 0.0666716173 -0.997775018
  outer loop
  vertex -0.100000001 0.0299999993 -0.0899982005
  vertex 0.0869999975 0.0299999993 -0.0899982005
  vertex -0.0790000036 0.0149999997 -0.0910005048
  endloop
 endfacet

 facet normal -0.00335271354 0.0666559339 0.997770429
  outer loop
  vertex 0.112000003 0.0149999997 0.0997157022
  vertex 0.131999999 0.0299999993 0.0987808332
  vertex 0.111000001 0.0149999997 0.099712342
  endloop
 endfacet

 facet normal -0.00335399946 0.0666574016 0.99777025
  outer loop
  vertex -0.0716030002 0.0299999993 0.0980964229
  vertex 0.0160000008 0.0149999997 0.0993929952
  vertex 0.131999999 0.0299999993 0.0987808332
  endloop
 endfacet

 facet normal 0 0.0666716099 -0.997775018
  outer loop
  vertex 0.0869999975 0.0149999997 -0.0910005048
  vertex -0.0790000036 0.0149999997 -0.0910005048
  vertex 0.0869999975 0.0299999993 -0.0899982005
  endloop
 endfacet

 facet normal 0.588552296 0.446457744 -0.674004316
  outer loop
  vertex 0.0994949117 0.0299999993 -0.066578187
  vertex 0.100160509 0.0278132129 -0.0674454942
  vertex 0.0992190614 0.0299999993 -0.0668190643
  endloop
 endfacet

 facet normal 0.588527262 0.446454018 -0.674028635
  outer loop
  vertex 0.100002997 0.0277830586 -0.0676029995
  vertex 0.0992190614 0.0299999993 -0.0668190643
  vertex 0.100160509 0.0278132129 -0.0674454942
  endloop
 endfacet

 facet normal 0.175982386 0.446474433 -0.87732023
  outer loop
  vertex -0.069524616 0.0299999993 0.0799055472
  vertex -0.0690276474 0.0278842654 0.0789285228
  vertex -0.0692471713 0.027855061 0.0788696259
  endloop
 endfacet

 facet normal 0.707106769 4.11887072e-07 -0.707106769
  outer loop
  vertex 0.0997320041 0.0149999997 -0.0678739995
  vertex 0.100002997 0.0277830586 -0.0676029995
  vertex 0.100373998 0.0149999997 -0.0672320053
  endloop
 endfacet

 facet normal 0.175978005 0.446473926 -0.877321422
  outer loop
  vertex -0.0691658035 0.0299999993 0.0799775198
  vertex -0.0690276474 0.0278842654 0.0789285228
  vertex -0.069524616 0.0299999993 0.0799055472
  endloop
 endfacet

 facet normal -1 0 0
  outer loop
  vertex 0.112000003 0.0140030002 -0.0590000004
  vertex 0.112000003 0.0140030002 0.0670000017
  vertex 0.112000003 0.0149999997 0.0670000017
  endloop
 endfacet

 facet normal -1 0 0
  outer loop
  vertex 0.112000003 0.0270000007 0.0670000017
  vertex 0.112000003 0.0149999997 -0.0590000004
  vertex 0.112000003 0.0149999997 0.0670000017
  endloop
 endfacet

 facet normal -1 0 0
  outer loop
  vertex 0.112000003 0.0270000007 -0.0590000004
  vertex 0.112000003 0.0149999997 -0.0590000004
  vertex 0.112000003 0.0270000007 0.0670000017
  endloop
 endfacet

 facet normal -1 0 0
  outer loop
  vertex 0.112000003 0.0140030002 -0.0590000004
  vertex 0.112000003 0.0149999997 0.0670000017
  vertex 0.112000003 0.0149999997 -0.0590000004
  endloop
 endfacet

 facet normal 1 0 0
  outer loop
  vertex 0.131999999 2.04281037e-17 -0.0920000002
  vertex 0.131999999 4.18967575e-05 -0.0920000002
  vertex 0.131999999 -2.22044608e-17 0.100000001
  endloop
 endfacet

 facet normal 1 0 0
  outer loop
  vertex 0.131999999 0.0117508555 0.100000001
  vertex 0.131999999 -2.22044608e-17 0.100000001
  vertex 0.131999999 4.18967575e-05 -0.0920000002
  endloop
 endfacet

 facet normal 1 0 0
  outer loop
  vertex 0.131999999 4.18967575e-05 -0.0920000002
  vertex 0.131999999 0.0299999993 -0.0899982005
  vertex 0.131999999 0.0117508555 0.100000001
  endloop
 endfacet

 facet normal 1 0 0
  outer loop
  vertex 0.131999999 0.0299999993 0.0987808332
  vertex 0.131999999 0.0117508555 0.100000001
  vertex 0.131999999 0.0299999993 -0.0899982005
  endloop
 endfacet

 facet normal -0.707110882 1.73669306e-07 0.707102716
  outer loop
  vertex -0.0676029995 0.0277830586 0.0760030001
  vertex -0.0678739995 0.0149999997 0.0757320002
  vertex -0.0672320053 0.0149999997 0.0763740018
  endloop
 endfacet

 facet normal 0.259103686 3.43566349e-08 -0.965849519
  outer loop
  vertex -0.0696259961 0.0149999997 0.078768
  vertex -0.0692471713 0.027855061 0.0788696259
  vertex -0.0687500015 0.0149999997 0.0790029988
  endloop
 endfacet

 facet normal 0.497502029 0.446417153 -0.7437765
  outer loop
  vertex 0.100160509 0.0278132129 -0.0674454942
  vertex 0.0994949117 0.0299999993 -0.066578187
  vertex 0.100323826 0.0279033221 -0.0672821701
  endloop
 endfacet

 facet normal 0.497484058 0.44641459 -0.74379009
  outer loop
  vertex 0.0997997522 0.0299999993 -0.0663742945
  vertex 0.100323826 0.0279033221 -0.0672821701
  vertex 0.0994949117 0.0299999993 -0.066578187
  endloop
 endfacet

 facet normal 0 -1 -2.22044605e-16
  outer loop
  vertex 0.131999999 -2.22044608e-17 0.100000001
  vertex 0.112002999 -2.22044608e-17 0.100000001
  vertex 0.112002999 2.04281037e-17 -0.0920000002
  endloop
 endfacet

 facet normal 3.83455725e-23 -1 -2.22044605e-16
  outer loop
  vertex 0.131999999 -2.22044608e-17 0.100000001
  vertex 0.112002999 2.04281037e-17 -0.0920000002
  vertex 0.131999999 2.04281037e-17 -0.0920000002
  endloop
 endfacet

 facet normal 0 0 -1
  outer loop
  vertex 0.112002999 2.04281037e-17 -0.0920000002
  vertex 0.112002999 4.18967575e-05 -0.0920000002
  vertex 0.131999999 4.18967575e-05 -0.0920000002
  endloop
 endfacet

 facet normal 0 0 -1
  outer loop
  vertex 0.112002999 2.04281037e-17 -0.0920000002
  vertex 0.131999999 4.18967575e-05 -0.0920000002
  vertex 0.131999999 2.04281037e-17 -0.0920000002
  endloop
 endfacet

 facet normal 0 0 1
  outer loop
  vertex 0.112002999 -2.22044608e-17 0.100000001
  vertex 0.131999999 -2.22044608e-17 0.100000001
  vertex 0.112002999 0.0107446751 0.100000001
  endloop
 endfacet

 facet normal 0 0 1
  outer loop
  vertex 0.131999999 0.0117508555 0.100000001
  vertex 0.112002999 0.0107446751 0.100000001
  vertex 0.131999999 -2.22044608e-17 0.100000001
  endloop
 endfacet

 facet normal 0.965849519 -4.96176433e-08 0.259103686
  outer loop
  vertex -0.0707679987 0.0149999997 -0.0701259971
  vertex -0.0708729774 0.0277584717 -0.0697346702
  vertex -0.0710029975 0.0149999997 -0.0692500025
  endloop
 endfacet

 facet normal 0.0585396178 0.446511447 -0.892861009
  outer loop
  vertex -0.0688000023 0.0299999993 0.0800015032
  vertex -0.0688000023 0.0279765353 0.0789895877
  vertex -0.0691658035 0.0299999993 0.0799775198
  endloop
 endfacet

 facet normal 0.0585262999 0.446509808 -0.892862558
  outer loop
  vertex -0.0690276474 0.0278842654 0.0789285228
  vertex -0.0691658035 0.0299999993 0.0799775198
  vertex -0.0688000023 0.0279765353 0.0789895877
  endloop
 endfacet

 facet normal -0.00335434731 0.0666570812 0.997770309
  outer loop
  vertex 0.112002999 0.0140030002 0.0997823179
  vertex 0.131999999 0.0117508555 0.100000001
  vertex 0.112000003 0.0149999997 0.0997157022
  endloop
 endfacet

 facet normal -0.00248202193 0.0666598529 0.997772753
  outer loop
  vertex 0.112000003 0.0140030002 0.0997823104
  vertex 0.112002999 0.0140030002 0.0997823179
  vertex 0.112000003 0.0149999997 0.0997157022
  endloop
 endfacet

 facet normal -0.0033542139 0.0666579157 0.99777025
  outer loop
  vertex 0.131999999 0.0299999993 0.0987808332
  vertex 0.112000003 0.0149999997 0.0997157022
  vertex 0.131999999 0.0117508555 0.100000001
  endloop
 endfacet

 facet normal -0.00335407536 0.0666594654 0.99777019
  outer loop
  vertex 0.131999999 0.0117508555 0.100000001
  vertex 0.112002999 0.0140030002 0.0997823179
  vertex 0.112002999 0.0107446751 0.100000001
  endloop
 endfacet

 facet normal 0.707122862 5.3260851e-07 -0.707090795
  outer loop
  vertex 0.100323826 0.0279033221 -0.0672821701
  vertex 0.100373998 0.0149999997 -0.0672320053
  vertex 0.100160509 0.0278132129 -0.0674454942
  endloop
 endfacet

 facet normal 0.259129196 1.09055497e-06 -0.965842664
  outer loop
  vertex -0.0690276474 0.0278842654 0.0789285228
  vertex -0.0687500015 0.0149999997 0.0790029988
  vertex -0.0692471713 0.027855061 0.0788696259
  endloop
 endfacet

 facet normal 0.259086847 1.11556709e-07 -0.965854108
  outer loop
  vertex -0.0688000023 0.0279765353 0.0789895877
  vertex -0.0687500015 0.0149999997 0.0790029988
  vertex -0.0690276474 0.0278842654 0.0789285228
  endloop
 endfacet

 facet normal 0.259059817 0 -0.965861261
  outer loop
  vertex -0.0687500015 0.028009912 0.0790029988
  vertex -0.0687500015 0.0149999997 0.0790029988
  vertex -0.0688000023 0.0279765353 0.0789895877
  endloop
 endfacet

 facet normal 0 0.066660054 -0.997775853
  outer loop
  vertex 0.112000003 0.0140030002 -0.091067113
  vertex 0.112000003 0.0149999997 -0.0910005048
  vertex 0.112002999 0.0140030002 -0.091067113
  endloop
 endfacet

 facet normal 2.31683259e-07 0.066671297 -0.997775018
  outer loop
  vertex 0.131999999 0.0299999993 -0.0899982005
  vertex 0.131999999 4.18967575e-05 -0.0920000002
  vertex 0.112000003 0.0149999997 -0.0910005048
  endloop
 endfacet

 facet normal 0 0.0666717663 -0.997774959
  outer loop
  vertex 0.112002999 4.18967575e-05 -0.0920000002
  vertex 0.112002999 0.0140030002 -0.091067113
  vertex 0.131999999 4.18967575e-05 -0.0920000002
  endloop
 endfacet

 facet normal -8.23136088e-06 0.0666600317 -0.997775853
  outer loop
  vertex 0.112002999 0.0140030002 -0.091067113
  vertex 0.112000003 0.0149999997 -0.0910005048
  vertex 0.131999999 4.18967575e-05 -0.0920000002
  endloop
 endfacet

 facet normal 0.395206839 0.446412325 -0.802824795
  outer loop
  vertex 0.100373998 0.0279491208 -0.0672320053
  vertex 0.100323826 0.0279033221 -0.0672821701
  vertex 0.0997997522 0.0299999993 -0.0663742945
  endloop
 endfacet

 facet normal 0.395288199 0.446417212 -0.80278194
  outer loop
  vertex 0.0997997522 0.0299999993 -0.0663742945
  vertex 0.100128569 0.0299999993 -0.0662123859
  vertex 0.100373998 0.0279491208 -0.0672320053
  endloop
 endfacet

 facet normal 0 -1 0
  outer loop
  vertex 0.112002999 0.0140030002 -0.091067113
  vertex 0.112002999 0.0140030002 0.0997823179
  vertex 0.112000003 0.0140030002 0.0997823104
  endloop
 endfacet

 facet normal 0 -1 0
  outer loop
  vertex 0.112002999 0.0140030002 -0.091067113
  vertex 0.112000003 0.0140030002 0.0997823104
  vertex 0.112000003 0.0140030002 0.0670000017
  endloop
 endfacet

 facet normal 0 -1 0
  outer loop
  vertex 0.112002999 0.0140030002 -0.091067113
  vertex 0.112000003 0.0140030002 0.0670000017
  vertex 0.112000003 0.0140030002 -0.0590000004
  endloop
 endfacet

 facet normal 0 -1 0
  outer loop
  vertex 0.112002999 0.0140030002 -0.091067113
  vertex 0.112000003 0.0140030002 -0.0590000004
  vertex 0.112000003 0.0140030002 -0.091067113
  endloop
 endfacet

 facet normal -1 0 0
  outer loop
  vertex 0.112002999 4.18967575e-05 -0.0920000002
  vertex 0.112002999 -2.22044608e-17 0.100000001
  vertex 0.112002999 0.0140030002 -0.091067113
  endloop
 endfacet

 facet normal -1 0 0
  outer loop
  vertex 0.112002999 2.04281037e-17 -0.0920000002
  vertex 0.112002999 -2.22044608e-17 0.100000001
  vertex 0.112002999 4.18967575e-05 -0.0920000002
  endloop
 endfacet

 facet normal -1 0 0
  outer loop
  vertex 0.112002999 -2.22044608e-17 0.100000001
  vertex 0.112002999 0.0107446751 0.100000001
  vertex 0.112002999 0.0140030002 -0.091067113
  endloop
 endfacet

 facet normal -1 0 0
  outer loop
  vertex 0.112002999 0.0140030002 0.0997823179
  vertex 0.112002999 0.0140030002 -0.091067113
  vertex 0.112002999 0.0107446751 0.100000001
  endloop
 endfacet

 facet normal -0.966126323 5.36516666e-07 -0.258069962
  outer loop
  vertex -0.0672271699 0.0280303452 0.0781079233
  vertex -0.0671654344 0.0279367156 0.0778768063
  vertex -0.0672320053 0.0149999997 0.0781259984
  endloop
 endfacet

 facet normal -0.259089679 0 -0.965853333
  outer loop
  vertex -0.0687500015 0.028009912 0.0790029988
  vertex -0.0685689375 0.0279365275 0.0789544284
  vertex -0.0687500015 0.0149999997 0.0790029988
  endloop
 endfacet

 facet normal 0.707090139 -5.55990766e-07 -0.707123518
  outer loop
  vertex 0.100160509 0.0278132129 -0.0674454942
  vertex 0.100373998 0.0149999997 -0.0672320053
  vertex 0.100002997 0.0277830586 -0.0676029995
  endloop
 endfacet

 facet normal 0.395313323 0.446415603 0.802770615
  outer loop
  vertex -0.0702002496 0.0299999993 0.0747743025
  vertex -0.069639571 0.0277569015 0.0757455751
  vertex -0.0696259961 0.0277692918 0.0757320002
  endloop
 endfacet

 facet normal 0.395303398 0.446414798 0.8027758
  outer loop
  vertex -0.0702002496 0.0299999993 0.0747743025
  vertex -0.0696259961 0.0277692918 0.0757320002
  vertex -0.0698714331 0.0299999993 0.0746123865
  endloop
 endfacet

 facet normal 0.395310491 0.446414053 0.80277276
  outer loop
  vertex -0.0694295689 0.027689714 0.0756795257
  vertex -0.0698714331 0.0299999993 0.0746123865
  vertex -0.0696259961 0.0277692918 0.0757320002
  endloop
 endfacet

 facet normal -0.966126561 -4.58762656e-07 0.25806886
  outer loop
  vertex -0.0670721456 0.0278829373 0.0769724324
  vertex -0.0671307743 0.0278542247 0.0767529458
  vertex -0.0669979975 0.0149999997 0.0772499964
  endloop
 endfacet

 facet normal -0.707106829 -7.36862238e-11 -0.707106829
  outer loop
  vertex 0.102282912 0.0279558692 -0.0673889145
  vertex 0.102446996 0.0279244557 -0.0675529987
  vertex 0.102126002 0.0149999997 -0.0672320053
  endloop
 endfacet

 facet normal 0.259101361 0 0.965850115
  outer loop
  vertex -0.0692500025 0.0278033931 -0.0710029975
  vertex -0.0694666356 0.027715588 -0.0709448829
  vertex -0.0692500025 0.0149999997 -0.0710029975
  endloop
 endfacet

 facet normal -0.259101659 3.18628537e-07 0.965850055
  outer loop
  vertex -0.0683740005 0.0149999997 -0.0707679987
  vertex -0.06882447 0.0276877955 -0.0708888471
  vertex -0.0692500025 0.0149999997 -0.0710029975
  endloop
 endfacet

 facet normal 0.966129422 -2.68475731e-07 0.25805831
  outer loop
  vertex 0.099568747 0.0276880991 -0.0690148398
  vertex 0.0994980037 0.0149999997 -0.0687500015
  vertex 0.0996240973 0.0276609939 -0.0692220628
  endloop
 endfacet

 facet normal 0.707141578 1.34940126e-06 0.70707196
  outer loop
  vertex 0.100203924 0.0276705548 -0.0700979307
  vertex 0.100053005 0.0276416615 -0.0699469969
  vertex 0.100373998 0.0149999997 -0.0702679977
  endloop
 endfacet

 facet normal -0.707123518 7.05684727e-07 0.707090139
  outer loop
  vertex -0.0676029995 0.0277830586 0.0760030001
  vertex -0.0677605048 0.0278132129 0.0758454874
  vertex -0.0678739995 0.0149999997 0.0757320002
  endloop
 endfacet

 facet normal -0.258074313 5.2988895e-07 0.966125011
  outer loop
  vertex -0.0687500015 0.0149999997 0.0754979998
  vertex -0.0678739995 0.0149999997 0.0757320002
  vertex -0.0683712587 0.0277126096 0.0755991638
  endloop
 endfacet

 facet normal 0.258053511 6.66639494e-07 0.966130674
  outer loop
  vertex -0.0694295689 0.027689714 0.0756795257
  vertex -0.0696259961 0.0149999997 0.0757320002
  vertex -0.0692220628 0.0276609939 0.0756241009
  endloop
 endfacet

 facet normal 0.707124174 8.82258803e-07 0.707089484
  outer loop
  vertex -0.0697960705 0.0276705548 0.0759020671
  vertex -0.0699469969 0.0276416615 0.076053001
  vertex -0.0696259961 0.0149999997 0.0757320002
  endloop
 endfacet

endsolid AssimpScene
